listing_id,locality_name,bhk,sqft,floor,total_floors,furnishing,rent
L00135,HSR Layout,1,563,3,5,Unfurnished,"₹17,627"
L00111,Marathahalli,1,564,0,15,Semi-Furnished,14507
L00651,Bannerghatta Road,2,862,2,9,Fully-Furnished,201340
L00787,HSR Layout,1,685,6,11,Unfurnished,21609
L00757,Malleshwaram,3,1631,2,4,Semi-Furnished,54911
L00001,Bannerghatta Road,1,640,5,13,Fully-Furnished,17k
L00386,Malleshwaram,2,946,0,5,Unfurnished,26882
L00062,Hebbal,2,1163,3,4,Semi-Furnished,31925
L00517,Bannerghatta Road,3,1308,7,7,Unfurnished,25737
L00640,Yelahanka,3,1628,6,8,Unfurnished,26913
L00141,Bannerghatta Road,3,1484,5,12,Semi-Furnished,30362
L00696,Rajajinagar,2,986,15,15,Unfurnished,22k
L00477,Hebbal,1,606,0,6,Semi-Furnished,16594
L00396,Indiranagar,2,1097,17,17,Unfurnished,39792
L00608,Jayanagar,2,1037,5,9,Fully-Furnished,34536
L00460,Sarjapur Road,2,956,7,15,Fully-Furnished,28470
L00395,Yelahanka,3,,4,18,Fully-Furnished,31209
L00429,Electronic City,1,658,4,4,Fully-Furnished,16351
L00754,Marathahalli,2,913,1,6,Fully-Furnished,27386
L00644,Bannerghatta Road,4,2054,13,18,Fully-Furnished,52338
L00187,Yelahanka,2,1078,2,17,Semi-Furnished,19818
L00225,Indiranagar,1,567,12,14,Semi-Furnished,20454
L00318,Electronic City,2,1242,1,4,Unfurnished,21535
L00639,Malleshwaram,3,1438,16,18,Fully-Furnished,47984
L00735,Rajajinagar,4,2163,5,7,Fully-Furnished,62231
L00293,Koramangala,1,584,5,8,Semi-Furnished,21285
L00718,Jayanagar,3,1357,0,3,Semi-Furnished,43115
L00202,HSR Layout,3,1355,4,14,Fully-Furnished,49980/-
L00402,JP Nagar,2,1060,9,10,Semi-Furnished,30409
L00331,Jayanagar,2,1022,3,3,Unfurnished,26814
L00208,Yelahanka,2,988,12,16,Unfurnished,17470
L00647,Whitefield,3,1416,8,11,Semi-Furnished,41318
L00442,Hebbal,2,883,10,11,Unfurnished,20264
L00291,Malleshwaram,2,1083,9,17,Unfurnished,29119
L00010,Yelahanka,3,1463,13,17,Fully-Furnished,35214
L00292,Bannerghatta Road,2,1057,5,8,Fully-Furnished,29245
L00609,Marathahalli,4,1874,3,14,Fully-Furnished,54592
L00218,Sarjapur Road,1,567,4,6,Unfurnished,14034
L00415,BTM Layout,1,681,3,5,Unfurnished,15652
L00505,Malleshwaram,3,1457,11,12,Fully-Furnished,47933
L00171,Hebbal,2,923,3,4,Semi-Furnished,25355
L00426,Bannerghatta Road,2,885,3,9,Fully-Furnished,24016
L00097,Electronic City,2,1114,1,15,Fully-Furnished,25826
L00309,Sarjapur Road,2,906,3,4,Semi-Furnished,24493
L00249,Hebbal,3,1428,7,7,Fully-Furnished,"₹44,197"
L00538,Indiranagar,1,557,5,13,Fully-Furnished,21793
L00024,Bannerghatta Road,2,1019,12,16,Fully-Furnished,24k
L00163,Sarjapur Road,2,943,9,15,Unfurnished,21486
L00425,Electronic City,4,1889,1,6,Semi-Furnished,41581
L00709,Bannerghatta Road,3,1322,2,4,Unfurnished,"₹24,663"
L00118,Malleshwaram,2,1034,12,12,Semi-Furnished,"₹31,297"
L00359,Sarjapur Road,1,538,8,15,Fully-Furnished,16k
L00495,Yelahanka,1,619,15,15,Semi-Furnished,11216
L00153,Rajajinagar,1,643,7,17,Fully-Furnished,19323
L00653,Rajajinagar,1,742,12,15,Unfurnished,16765
L00406,Bannerghatta Road,1,,5,13,Fully-Furnished,16346
L00416,Rajajinagar,1,557,2,14,Fully-Furnished,16401
L00200,Indiranagar,3,1368,8,14,Semi-Furnished,50971
L00007,Rajajinagar,1,523,2,5,Fully-Furnished,15684
L00121,Yelahanka,1,552,2,3,Fully-Furnished,12144
L00058,Rajajinagar,2,1127,8,8,Fully-Furnished,36267
L00498,Sarjapur Road,4,2332,7,10,Unfurnished,60241
L00600,Sarjapur Road,2,1150,5,16,Fully-Furnished,37011
L00486,Electronic City,3,1513,7,16,Unfurnished,25945
L00091,Yelahanka,2,1203,7,9,Fully-Furnished,26730
L00051,Malleshwaram,3,1619,0,5,Fully-Furnished,59534
L00682,Rajajinagar,1,740,1,10,Fully-Furnished,23k
L00057,Yelahanka,3,1453,6,6,Semi-Furnished,29071/-
L00796,Rajajinagar,2,947,6,15,Fully-Furnished,29702
L00175,Rajajinagar,3,1406,1,4,Unfurnished,"₹33,142"
L00473,Whitefield,2,1097,8,8,Semi-Furnished,33625
L00602,JP Nagar,2,1222,9,11,Fully-Furnished,34327
L00485,Indiranagar,3,1683,3,3,Unfurnished,60814
L00528,Electronic City,4,,7,10,Semi-Furnished,46878
L00307,BTM Layout,3,1326,0,3,Semi-Furnished,33418
L00480,Electronic City,3,1672,14,18,Unfurnished,28798
L00645,Indiranagar,2,883,3,4,Fully-Furnished,37335
L00464,Malleshwaram,2,857,5,16,Semi-Furnished,28655
L00364,Bannerghatta Road,2,1110,2,5,Semi-Furnished,25k
L00661,Yelahanka,1,631,6,7,Semi-Furnished,13238
L00026,BTM Layout,2,1206,1,10,Unfurnished,28233
L00764,Hebbal,2,1168,5,9,Semi-Furnished,314440
L00589,Marathahalli,3,1530,6,8,Fully-Furnished,"₹48,945"
L00404,Jayanagar,1,600,6,13,Fully-Furnished,18299
L00021,Electronic City,3,1711,1,3,Fully-Furnished,45021
L00543,Koramangala,2,1124,2,3,Fully-Furnished,51266
L00004,Sarjapur Road,4,1893,0,4,Unfurnished,49k
L00604,Yelahanka,1,693,2,3,Fully-Furnished,16277
L00299,Indiranagar,3,1688,7,13,Semi-Furnished,69824
L00384,BTM Layout,1,680,7,7,Fully-Furnished,22564
L00552,Jayanagar,2,919,3,4,Unfurnished,22961
L00156,Whitefield,2,1025,9,12,Semi-Furnished,30249/-
L00627,Yelahanka,1,685,10,11,Fully-Furnished,15515
L00003,Koramangala,2,1026,3,8,Fully-Furnished,40419
L00408,Marathahalli,1,605,2,3,Unfurnished,"₹13,902"
L00677,Marathahalli,4,2144,4,10,Semi-Furnished,58299
L00275,Whitefield,1,742,2,7,Fully-Furnished,23846
L00714,Whitefield,3,1356,7,12,Unfurnished,39227/-
L00425,Electronic City,4,1889,1,6,Semi-Furnished,41581
L00637,Koramangala,3,1605,1,13,Semi-Furnished,56074
L00491,Sarjapur Road,1,578,12,13,Unfurnished,14k
L00298,JP Nagar,2,1156,0,5,Fully-Furnished,33158
L00417,Sarjapur Road,4,2264,1,8,Semi-Furnished,"₹62,030"
L00060,JP Nagar,2,1163,10,11,Fully-Furnished,33515
L00305,BTM Layout,4,2025,8,9,Fully-Furnished,61768
L00681,Electronic City,2,931,5,5,Fully-Furnished,22839
L00525,BTM Layout,4,2107,7,11,Unfurnished,52345
L00155,Bannerghatta Road,2,1238,14,16,Semi-Furnished,25911
L00791,Rajajinagar,3,1555,4,18,Unfurnished,33800
L00572,Hebbal,4,2438,4,10,Fully-Furnished,65699/-
L00221,Koramangala,4,2025,1,11,Semi-Furnished,67713
L00794,Marathahalli,3,1523,9,9,Unfurnished,38268
L00174,Whitefield,3,1722,1,6,Unfurnished,41187
L00378,Marathahalli,4,2041,0,11,Unfurnished,55734
L00432,Whitefield,3,1741,15,15,Unfurnished,50597
L00186,Koramangala,2,998,0,7,Semi-Furnished,37105
L00496,Yelahanka,2,862,2,4,Unfurnished,14900
L00373,Sarjapur Road,2,902,1,7,Semi-Furnished,23852
L00018,Jayanagar,1,,1,17,Fully-Furnished,16944/-
L00446,Koramangala,1,696,4,6,Semi-Furnished,26762
L00256,Marathahalli,2,1102,7,17,Fully-Furnished,38975
L00112,Yelahanka,2,1152,3,13,Unfurnished,20111
L00782,Yelahanka,2,1007,16,16,Fully-Furnished,24788
L00130,Marathahalli,1,629,3,13,Semi-Furnished,18k
L00731,BTM Layout,2,1041,2,4,Fully-Furnished,29261
L00613,Hebbal,1,500,3,15,Semi-Furnished,13299
L00592,Indiranagar,4,1933,2,6,Fully-Furnished,85553
L00768,Marathahalli,3,1749,6,8,Unfurnished,42328
L00652,Bannerghatta Road,3,1379,1,16,Unfurnished,29153/-
L00712,Whitefield,1,741,3,3,Semi-Furnished,22794
L00346,JP Nagar,1,626,5,5,Fully-Furnished,20k
L00569,Bannerghatta Road,2,867,2,3,Fully-Furnished,23839
L00181,Koramangala,2,977,14,14,Unfurnished,31042
L00489,Malleshwaram,2,1024,10,15,Semi-Furnished,29226
L00438,Electronic City,3,1347,2,4,Fully-Furnished,34189
L00100,Indiranagar,2,,4,4,Fully-Furnished,44296
L00261,Hebbal,3,1665,10,10,Unfurnished,"₹41,369"
L00332,Jayanagar,1,684,2,5,Fully-Furnished,21k
L00393,Hebbal,2,,5,5,Unfurnished,23179/-
L00329,Hebbal,3,1331,10,11,Semi-Furnished,30424
L00296,Koramangala,3,1521,2,5,Unfurnished,46620
L00427,BTM Layout,2,894,7,8,Unfurnished,"₹20,505"
L00122,BTM Layout,2,1152,6,8,Unfurnished,"₹26,026"
L00436,Jayanagar,3,1476,3,4,Semi-Furnished,42064
L00237,Marathahalli,1,748,5,14,Fully-Furnished,23714
L00092,Marathahalli,3,1341,6,11,Fully-Furnished,40k
L00776,Electronic City,2,1155,2,5,Semi-Furnished,25209
L00076,Koramangala,2,1210,1,7,Fully-Furnished,53671
L00749,Hebbal,2,913,5,8,Unfurnished,21838
L00093,Whitefield,1,582,0,11,Unfurnished,14203
L00418,HSR Layout,1,713,7,14,Semi-Furnished,23925
L00116,Indiranagar,2,993,4,4,Semi-Furnished,39044
L00392,Marathahalli,2,868,2,13,Unfurnished,20747
L00023,Jayanagar,4,2208,0,13,Fully-Furnished,75841
L00472,Rajajinagar,2,975,11,13,Semi-Furnished,27356
L00128,Indiranagar,3,1716,3,3,Fully-Furnished,81829
L00297,JP Nagar,4,2102,9,14,Unfurnished,45745
L00733,BTM Layout,2,1130,3,9,Fully-Furnished,35607
L00785,Sarjapur Road,1,529,0,3,Unfurnished,11881
L00280,JP Nagar,2,1200,0,3,Semi-Furnished,34k
L00545,Hebbal,1,708,1,7,Unfurnished,15349
L00375,Rajajinagar,2,1092,1,8,Semi-Furnished,28639
L00273,Whitefield,3,1517,5,7,Semi-Furnished,48684
L00284,BTM Layout,3,1372,0,3,Semi-Furnished,38024
L00044,BTM Layout,3,1728,0,4,Fully-Furnished,51034
L00526,Rajajinagar,1,697,2,13,Fully-Furnished,23k
L00506,Whitefield,2,1192,6,8,Semi-Furnished,31751
L00793,Hebbal,3,1552,4,7,Semi-Furnished,"₹41,491"
L00267,Yelahanka,4,1970,16,18,Semi-Furnished,41k
L00595,Yelahanka,1,579,6,9,Fully-Furnished,12955
L00657,Bannerghatta Road,1,677,4,15,Unfurnished,13105
L00713,BTM Layout,1,652,2,7,Unfurnished,15301
L00520,Indiranagar,2,1004,12,16,Fully-Furnished,47k
L00190,Marathahalli,3,1500,3,6,Unfurnished,"₹38,215"
L00487,Hebbal,4,2327,4,10,Fully-Furnished,64352/-
L00798,Yelahanka,1,633,9,14,Unfurnished,"₹10,208"
L00736,Malleshwaram,4,,0,14,Fully-Furnished,73895
L00232,Marathahalli,2,1116,14,15,Fully-Furnished,34500
L00306,Malleshwaram,1,593,3,15,Fully-Furnished,22151
L00279,HSR Layout,2,1207,6,16,Fully-Furnished,43k
L00760,Jayanagar,1,658,8,11,Unfurnished,18222
L00398,Yelahanka,3,1545,5,10,Semi-Furnished,28304
L00169,Indiranagar,2,1082,2,16,Fully-Furnished,45264/-
L00149,Indiranagar,1,643,5,7,Unfurnished,20730
L00748,Whitefield,2,1164,10,13,Fully-Furnished,37835
L00226,JP Nagar,3,1541,0,11,Semi-Furnished,42k
L00224,Bannerghatta Road,2,874,14,15,Unfurnished,16901
L00455,Marathahalli,2,1029,2,11,Fully-Furnished,32459
L00771,Whitefield,2,1046,4,4,Semi-Furnished,32802
L00669,Jayanagar,3,1531,15,18,Semi-Furnished,43860
L00316,Yelahanka,1,660,3,3,Fully-Furnished,14979
L00671,Hebbal,1,626,2,4,Semi-Furnished,17014
L00335,HSR Layout,2,1043,1,7,Unfurnished,32343
L00033,Sarjapur Road,2,1111,13,15,Semi-Furnished,28843
L00310,Yelahanka,3,1475,10,12,Unfurnished,24966
L00103,Rajajinagar,1,653,10,10,Semi-Furnished,18164
L00555,Whitefield,3,1303,3,6,Semi-Furnished,40423
L00654,Whitefield,2,1054,4,14,Unfurnished,30k
L00082,Koramangala,4,2074,1,3,Fully-Furnished,91465
L00230,Jayanagar,4,2206,1,10,Fully-Furnished,"₹79,605"
L00220,Malleshwaram,4,2473,4,7,Fully-Furnished,87352
L00743,Rajajinagar,2,1072,3,3,Semi-Furnished,26817
L00321,BTM Layout,3,1468,4,4,Unfurnished,36623
L00687,Whitefield,2,995,16,17,Unfurnished,27658
L00450,BTM Layout,1,696,1,5,Unfurnished,"₹16,330"
L00399,Malleshwaram,2,1179,0,4,Semi-Furnished,35083
L00471,Whitefield,1,569,8,12,Semi-Furnished,15356
L00616,Sarjapur Road,1,549,5,17,Semi-Furnished,14035
L00180,Malleshwaram,2,894,5,7,Unfurnished,24835
L00203,Yelahanka,1,744,13,14,Semi-Furnished,14k
L00277,Jayanagar,1,,12,14,Semi-Furnished,18065/-
L00037,Sarjapur Road,2,1095,11,11,Semi-Furnished,29561
L00451,Hebbal,2,1054,0,4,Semi-Furnished,25808
L00624,Malleshwaram,2,1051,11,11,Semi-Furnished,32489
L00253,Sarjapur Road,2,1244,1,5,Unfurnished,31k
L00663,Koramangala,2,1023,1,4,Unfurnished,"₹36,442"
L00481,JP Nagar,1,585,1,6,Unfurnished,14708
L00447,HSR Layout,3,1420,15,16,Fully-Furnished,53222
L00614,Hebbal,1,,2,5,Semi-Furnished,17000
L00542,Koramangala,2,1193,9,10,Semi-Furnished,"₹43,705"
L00233,Malleshwaram,2,989,8,11,Unfurnished,27236
L00466,HSR Layout,3,1679,11,18,Semi-Furnished,50068
L00797,Electronic City,1,726,2,4,Unfurnished,14135
L00551,Malleshwaram,3,1732,3,10,Unfurnished,44959
L00260,Electronic City,1,733,3,5,Semi-Furnished,15k
L00777,Hebbal,1,595,17,18,Unfurnished,13672
L00540,Koramangala,4,1894,8,14,Unfurnished,60617
L00630,Hebbal,1,604,9,15,Fully-Furnished,17591
L00246,Koramangala,2,967,7,13,Fully-Furnished,37445
L00199,Marathahalli,1,692,4,5,Unfurnished,18890
L00372,Indiranagar,2,1019,8,12,Unfurnished,36903
L00323,Marathahalli,4,2169,7,11,Semi-Furnished,56009/-
L00172,Hebbal,1,744,10,10,Fully-Furnished,21k
L00674,HSR Layout,3,1520,8,17,Fully-Furnished,58k
L00409,Whitefield,2,864,1,6,Fully-Furnished,31814
L00722,Malleshwaram,3,1469,1,18,Semi-Furnished,45984
L00209,Hebbal,3,1380,5,7,Unfurnished,310000
L00094,Indiranagar,1,630,12,18,Semi-Furnished,23665
L00789,Jayanagar,2,865,12,12,Unfurnished,23433
L00192,Hebbal,2,1054,6,8,Semi-Furnished,24k
L00322,Indiranagar,4,1952,0,4,Semi-Furnished,68083
L00521,Bannerghatta Road,1,579,12,12,Semi-Furnished,13679
L00474,Electronic City,1,553,1,4,Semi-Furnished,12508
L00615,Hebbal,2,1191,6,10,Semi-Furnished,28k
L00790,Yelahanka,3,1684,13,18,Fully-Furnished,37161
L00527,Rajajinagar,4,2366,7,9,Fully-Furnished,76702
L00740,Electronic City,1,619,0,4,Unfurnished,12857
L00688,Bannerghatta Road,3,1750,0,7,Fully-Furnished,42669
L00610,BTM Layout,3,1737,3,7,Unfurnished,42k
L00612,Indiranagar,2,943,6,9,Semi-Furnished,35641/-
L00278,Koramangala,2,861,2,12,Fully-Furnished,35825
L00274,JP Nagar,4,,3,8,Unfurnished,45k
L00675,Rajajinagar,3,1378,4,18,Fully-Furnished,42007
L00439,Sarjapur Road,3,,6,15,Unfurnished,38032
L00667,Malleshwaram,2,1034,12,14,Semi-Furnished,32493
L00574,Yelahanka,3,1443,3,3,Fully-Furnished,30720
L00185,Electronic City,3,,7,16,Semi-Furnished,32407
L00441,Whitefield,3,1330,3,3,Unfurnished,36896
L00738,Rajajinagar,3,1636,2,15,Unfurnished,39645
L00105,JP Nagar,3,1563,1,3,Fully-Furnished,45249
L00206,Sarjapur Road,2,1119,10,10,Unfurnished,24257
L00662,JP Nagar,1,592,10,14,Semi-Furnished,16332
L00053,JP Nagar,3,1735,8,9,Unfurnished,44534
L00702,HSR Layout,2,1038,3,16,Semi-Furnished,36513
L00006,Malleshwaram,1,695,4,4,Fully-Furnished,26703
L00554,BTM Layout,3,1324,5,12,Unfurnished,"₹30,706"
L00728,Indiranagar,2,925,6,6,Semi-Furnished,31543
L00385,Yelahanka,1,726,2,18,Fully-Furnished,16082
L00014,Electronic City,2,931,2,11,Fully-Furnished,20791
L00381,Electronic City,2,1000,7,18,Semi-Furnished,21919
L00778,Hebbal,1,521,5,6,Fully-Furnished,13899
L00686,Yelahanka,3,1420,16,17,Unfurnished,27271
L00475,Jayanagar,1,521,8,13,Fully-Furnished,16311
L00570,Koramangala,2,905,13,14,Unfurnished,28696/-
L00038,Whitefield,2,952,3,5,Semi-Furnished,30212
L00462,Rajajinagar,4,1833,0,6,Unfurnished,43108
L00106,Electronic City,3,1398,0,5,Semi-Furnished,28548
L00354,Rajajinagar,3,1300,3,4,Unfurnished,33084
L00617,BTM Layout,2,1074,4,8,Semi-Furnished,29257
L00162,Marathahalli,4,2444,0,4,Fully-Furnished,76054
L00071,Jayanagar,2,899,11,11,Semi-Furnished,27326
L00349,Marathahalli,1,675,3,14,Semi-Furnished,19551
L00693,Koramangala,3,1469,12,16,Semi-Furnished,55114
L00170,Bannerghatta Road,3,1462,10,11,Unfurnished,30738
L00463,Sarjapur Road,4,2046,8,11,Fully-Furnished,59481
L00547,JP Nagar,2,1028,4,15,Fully-Furnished,31126
L00383,Sarjapur Road,2,1186,10,16,Fully-Furnished,34k
L00518,JP Nagar,3,1636,6,17,Fully-Furnished,52092
L00571,Rajajinagar,1,550,1,5,Fully-Furnished,15543
L00080,Koramangala,2,874,9,17,Unfurnished,28589
L00770,HSR Layout,1,563,0,12,Semi-Furnished,"₹19,349"
L00295,Whitefield,1,732,12,14,Fully-Furnished,26684
L00717,JP Nagar,1,616,0,7,Fully-Furnished,17871
L00124,Hebbal,3,1508,6,7,Unfurnished,34181
L00139,Whitefield,3,,3,3,Unfurnished,37k
L00658,Whitefield,4,1857,4,14,Fully-Furnished,60122
L00705,Yelahanka,1,587,11,16,Fully-Furnished,12176
L00753,JP Nagar,3,1391,5,16,Unfurnished,30875
L00747,Electronic City,1,528,15,18,Semi-Furnished,11109
L00437,Jayanagar,1,519,6,15,Unfurnished,13443
L00643,Whitefield,2,979,9,14,Fully-Furnished,33684
L00339,Koramangala,4,1971,1,16,Semi-Furnished,68282
L00086,Sarjapur Road,3,1338,10,11,Fully-Furnished,38199
L00423,Bannerghatta Road,3,1384,7,14,Fully-Furnished,34347
L00673,Hebbal,2,1065,3,18,Unfurnished,23332
L00050,Malleshwaram,4,2448,7,7,Unfurnished,61725
L00191,Electronic City,3,1345,14,14,Semi-Furnished,30k
L00195,Whitefield,1,602,16,17,Fully-Furnished,20696
L00183,Koramangala,3,1500,7,16,Unfurnished,53649
L00136,Electronic City,2,1062,9,9,Fully-Furnished,26477
L00739,Indiranagar,4,2025,0,16,Fully-Furnished,906560
L00127,Whitefield,1,741,0,10,Unfurnished,18492
L00445,HSR Layout,2,1016,5,7,Fully-Furnished,40975
L00361,Rajajinagar,4,2044,7,17,Semi-Furnished,57518
L00148,Bannerghatta Road,1,610,15,18,Fully-Furnished,14558
L00403,Koramangala,2,1135,2,5,Fully-Furnished,46764
L00784,Hebbal,4,2226,4,12,Fully-Furnished,"₹66,306"
L00048,Bannerghatta Road,1,703,12,15,Fully-Furnished,18058
L00461,Malleshwaram,3,1530,1,3,Semi-Furnished,42688
L00780,Bannerghatta Road,2,1145,9,9,Unfurnished,220880
L00054,Electronic City,1,734,6,8,Unfurnished,13642
L00063,Whitefield,2,1087,3,17,Unfurnished,"₹29,705"
L00271,Malleshwaram,2,1100,12,13,Semi-Furnished,30949
L00470,Jayanagar,2,902,4,7,Fully-Furnished,31449
L00407,BTM Layout,3,1422,5,11,Fully-Furnished,46460
L00458,Indiranagar,1,501,0,5,Fully-Furnished,23762
L00745,JP Nagar,2,1223,9,17,Fully-Furnished,37641
L00724,Yelahanka,2,906,1,3,Fully-Furnished,18k
L00479,Malleshwaram,4,2017,11,13,Unfurnished,53017
L00419,Sarjapur Road,3,,12,18,Fully-Furnished,45075
L00414,JP Nagar,2,1163,5,14,Unfurnished,30020
L00074,Koramangala,2,1165,0,3,Unfurnished,37k
L00294,Electronic City,2,940,1,15,Unfurnished,16282
L00303,Rajajinagar,2,1166,0,10,Fully-Furnished,39152
L00257,Bannerghatta Road,2,1160,2,7,Unfurnished,24658
L00672,Hebbal,3,1513,8,17,Fully-Furnished,"₹46,876"
L00537,JP Nagar,2,963,3,9,Semi-Furnished,23725
L00227,Jayanagar,2,1166,0,17,Fully-Furnished,42912
L00716,Whitefield,2,1061,5,14,Fully-Furnished,32444
L00052,Jayanagar,3,1649,5,7,Fully-Furnished,50652
L00263,Malleshwaram,2,1014,2,8,Semi-Furnished,29264
L00629,Electronic City,1,558,3,9,Fully-Furnished,13566
L00590,Sarjapur Road,2,965,4,12,Fully-Furnished,30108
L00030,Sarjapur Road,2,975,4,8,Semi-Furnished,23722
L00711,Indiranagar,3,1479,3,16,Unfurnished,53352
L00534,BTM Layout,2,991,13,17,Fully-Furnished,"₹32,825"
L00580,Jayanagar,3,1376,4,13,Semi-Furnished,"₹42,460"
L00544,Malleshwaram,4,2371,0,14,Semi-Furnished,79138
L00308,Malleshwaram,3,1672,12,12,Semi-Furnished,49568
L00397,BTM Layout,1,637,3,10,Semi-Furnished,17411
L00557,Sarjapur Road,3,1730,4,10,Semi-Furnished,46606
L00755,Bannerghatta Road,2,1081,9,10,Unfurnished,"₹23,103"
L00625,Malleshwaram,2,985,2,17,Semi-Furnished,29450
L00290,Bannerghatta Road,2,931,2,10,Unfurnished,19372
L00272,Jayanagar,2,893,0,5,Semi-Furnished,27175
L00217,JP Nagar,1,741,0,5,Fully-Furnished,20544/-
L00203,Yelahanka,1,744,13,14,Semi-Furnished,14k
L00631,Jayanagar,1,553,2,4,Unfurnished,14199
L00158,Hebbal,4,1848,4,10,Fully-Furnished,55132
L00783,Koramangala,3,1375,5,17,Fully-Furnished,53236
L00126,BTM Layout,1,669,3,4,Fully-Furnished,22375
L00553,BTM Layout,2,1202,6,6,Unfurnished,30971
L00015,HSR Layout,1,521,11,18,Fully-Furnished,18915
L00734,Marathahalli,2,864,11,11,Semi-Furnished,21982
L00683,Electronic City,4,2359,10,14,Fully-Furnished,"₹51,551"
L00338,Rajajinagar,1,602,2,9,Unfurnished,14968
L00147,Marathahalli,3,,8,13,Fully-Furnished,46566
L00775,Rajajinagar,2,912,3,9,Fully-Furnished,26208
L00659,Sarjapur Road,3,1607,6,17,Fully-Furnished,52219
L00377,Yelahanka,2,1151,15,17,Semi-Furnished,21627
L00168,Whitefield,2,,1,4,Unfurnished,23k
L00081,Malleshwaram,3,1415,7,13,Fully-Furnished,52845
L00607,Whitefield,3,1509,6,9,Semi-Furnished,45041
L00119,Hebbal,2,1007,11,17,Semi-Furnished,26258
L00444,Electronic City,2,1169,3,8,Semi-Furnished,23739
L00239,Yelahanka,1,554,5,10,Unfurnished,10568
L00594,HSR Layout,1,,4,13,Fully-Furnished,24281
L00456,Rajajinagar,3,,7,10,Semi-Furnished,41459
L00061,Electronic City,2,1102,2,6,Semi-Furnished,245340
L00009,Jayanagar,2,1193,0,6,Fully-Furnished,44367
L00059,Jayanagar,2,,11,16,Semi-Furnished,33438
L00387,Malleshwaram,1,731,17,18,Unfurnished,21909
L00606,Yelahanka,3,1593,2,11,Unfurnished,28790
L00213,Malleshwaram,1,648,7,7,Fully-Furnished,23197
L00281,Electronic City,3,,2,7,Semi-Furnished,37557
L00641,Jayanagar,2,1237,1,18,Semi-Furnished,33351
L00623,Jayanagar,1,597,2,9,Semi-Furnished,17185
L00533,Malleshwaram,2,1168,6,12,Semi-Furnished,32382
L00031,Hebbal,3,1485,4,10,Semi-Furnished,34639
L00255,Rajajinagar,4,2374,15,15,Unfurnished,53385
L00154,Rajajinagar,2,1204,1,5,Semi-Furnished,33007
L00150,Indiranagar,3,1594,7,9,Fully-Furnished,67080/-
L00650,Jayanagar,3,1466,4,11,Semi-Furnished,46452
L00730,Malleshwaram,2,1090,3,5,Fully-Furnished,41238
L00077,Sarjapur Road,3,1599,14,16,Semi-Furnished,44038
L00140,Marathahalli,2,890,0,7,Unfurnished,232400
L00581,Koramangala,3,1569,8,8,Unfurnished,49664
L00635,Jayanagar,1,700,8,18,Unfurnished,17913/-
L00742,Jayanagar,1,598,1,7,Unfurnished,16023
L00601,Indiranagar,3,1578,3,14,Unfurnished,50266
L00248,Hebbal,2,,10,12,Fully-Furnished,26903
L00625,Malleshwaram,2,985,2,17,Semi-Furnished,29450
L00567,Bannerghatta Road,2,1200,0,12,Unfurnished,22077
L00283,Rajajinagar,1,569,4,7,Unfurnished,14973
L00160,Whitefield,2,915,2,12,Semi-Furnished,26266
L00356,Whitefield,3,1616,0,8,Unfurnished,38586
L00431,Koramangala,3,1398,6,13,Fully-Furnished,61178
L00598,Yelahanka,2,911,8,9,Semi-Furnished,19160
L00530,Hebbal,2,1194,8,15,Semi-Furnished,31907
L00008,JP Nagar,2,877,2,5,Unfurnished,19k
L00355,HSR Layout,1,512,5,7,Fully-Furnished,18160
L00453,Rajajinagar,1,606,3,15,Unfurnished,13947
L00252,Bannerghatta Road,1,709,6,13,Unfurnished,14051
L00684,Electronic City,1,520,0,5,Semi-Furnished,11665
L00690,Marathahalli,2,1136,2,9,Semi-Furnished,32440
L00228,Bannerghatta Road,4,2429,1,12,Unfurnished,520620
L00353,Hebbal,2,1208,4,7,Semi-Furnished,27k
L00685,Indiranagar,2,,3,10,Fully-Furnished,40618
L00207,Hebbal,2,965,3,3,Fully-Furnished,30615
L00152,Hebbal,1,504,10,17,Semi-Furnished,12200
L00089,Rajajinagar,1,633,6,6,Fully-Furnished,19489
L00524,Yelahanka,2,1136,0,6,Semi-Furnished,21598
L00064,Jayanagar,2,967,9,12,Semi-Furnished,26k
L00035,Koramangala,2,928,5,10,Unfurnished,27615
L00390,Yelahanka,2,1126,13,15,Fully-Furnished,23053
L00535,Koramangala,1,529,0,13,Unfurnished,18117
L00159,Malleshwaram,2,875,0,3,Fully-Furnished,29673
L00765,Malleshwaram,2,886,3,16,Unfurnished,26816
L00388,JP Nagar,2,1111,8,13,Semi-Furnished,28824
L00493,HSR Layout,4,2180,7,17,Unfurnished,56986
L00636,Hebbal,2,,0,4,Unfurnished,18783
L00142,Malleshwaram,3,1328,6,11,Semi-Furnished,37889
L00720,Electronic City,1,598,6,17,Unfurnished,12369
L00603,Sarjapur Road,2,900,4,7,Unfurnished,19901
L00348,Malleshwaram,2,882,7,7,Fully-Furnished,31388
L00500,Bannerghatta Road,3,1327,2,3,Unfurnished,27582
L00400,Whitefield,1,532,7,17,Fully-Furnished,18476
L00701,Bannerghatta Road,2,1067,10,11,Semi-Furnished,26007
L00675,Rajajinagar,3,1378,4,18,Fully-Furnished,42007
L00575,Malleshwaram,2,1096,4,7,Unfurnished,"₹31,939"
L00692,Yelahanka,1,738,6,11,Fully-Furnished,15694
L00391,BTM Layout,2,1215,2,12,Fully-Furnished,37178/-
L00055,Yelahanka,2,,0,15,Semi-Furnished,19780
L00410,Electronic City,1,591,1,16,Semi-Furnished,13382
L00665,Bannerghatta Road,3,1562,9,12,Fully-Furnished,37140
L00374,Jayanagar,2,852,2,12,Fully-Furnished,27354
L00367,Bannerghatta Road,2,899,0,6,Fully-Furnished,25302
L00330,BTM Layout,2,1219,6,7,Fully-Furnished,33690
L00085,Sarjapur Road,3,1372,13,15,Fully-Furnished,38643
L00576,HSR Layout,1,555,18,18,Fully-Furnished,22201
L00301,Rajajinagar,2,935,1,8,Unfurnished,21047
L00411,Yelahanka,1,529,13,14,Unfurnished,8784
L00276,Rajajinagar,3,1387,0,6,Semi-Furnished,38244
L00270,Hebbal,2,1186,14,18,Unfurnished,28090
L00448,Rajajinagar,2,1175,2,9,Unfurnished,28k
L00512,Koramangala,3,1724,7,16,Unfurnished,57150
L00358,Yelahanka,1,653,10,16,Fully-Furnished,15799
L00532,Koramangala,3,1499,1,4,Fully-Furnished,62k
L00502,Whitefield,2,1037,2,15,Unfurnished,26671
L00212,Yelahanka,1,720,2,3,Unfurnished,12479
L00347,Electronic City,2,953,5,5,Fully-Furnished,22561
L00304,Koramangala,3,1674,18,18,Fully-Furnished,"₹64,841"
L00774,JP Nagar,2,1046,4,4,Semi-Furnished,27468
L00507,Whitefield,2,1158,16,16,Fully-Furnished,38077
L00469,Malleshwaram,1,571,2,18,Fully-Furnished,22068
L00556,Marathahalli,2,1058,4,4,Fully-Furnished,31174
L00019,Jayanagar,4,2073,9,13,Semi-Furnished,63811
L00729,Malleshwaram,1,680,8,8,Fully-Furnished,25698
L00389,Koramangala,2,864,8,8,Fully-Furnished,36328
L00744,Sarjapur Road,2,907,2,8,Unfurnished,21080
L00599,Sarjapur Road,2,,11,11,Unfurnished,26073
L00164,Sarjapur Road,1,502,4,5,Semi-Furnished,12354
L00605,Electronic City,1,676,10,16,Fully-Furnished,15834
L00773,HSR Layout,1,661,5,5,Unfurnished,17242
L00587,Marathahalli,4,2164,6,7,Semi-Furnished,58805
L00173,Sarjapur Road,3,1742,5,8,Unfurnished,41815
L00369,JP Nagar,2,934,1,5,Semi-Furnished,26468
L00179,Bannerghatta Road,1,538,4,7,Semi-Furnished,11k
L00333,Marathahalli,2,866,13,17,Fully-Furnished,27749/-
L00549,Malleshwaram,2,887,10,16,Semi-Furnished,28269/-
L00184,Whitefield,1,700,3,16,Fully-Furnished,23243
L00178,Koramangala,2,1032,8,13,Semi-Furnished,34215
L00579,JP Nagar,3,1513,4,9,Fully-Furnished,46493
L00352,Indiranagar,2,996,2,4,Unfurnished,32020
L00029,Electronic City,1,584,6,6,Fully-Furnished,14753
L00096,Indiranagar,2,1184,2,18,Fully-Furnished,50604
L00710,Malleshwaram,3,1726,9,12,Semi-Furnished,51692
L00337,Sarjapur Road,1,573,7,13,Fully-Furnished,17673
L00632,Bannerghatta Road,2,865,1,13,Unfurnished,18492
L00759,Whitefield,2,1107,0,5,Fully-Furnished,36158
L00101,JP Nagar,3,1358,1,17,Unfurnished,32851
L00182,Marathahalli,4,1870,3,18,Semi-Furnished,54371
L00394,BTM Layout,2,1000,7,7,Fully-Furnished,30471
L00668,JP Nagar,2,889,4,4,Fully-Furnished,25204/-
L00326,Indiranagar,2,,6,12,Fully-Furnished,45210
L00494,Jayanagar,3,1719,0,11,Fully-Furnished,56737
L00240,Bannerghatta Road,3,1598,6,8,Fully-Furnished,40376
L00379,Bannerghatta Road,4,2225,2,3,Fully-Furnished,56570
L00680,Koramangala,1,606,2,4,Unfurnished,"₹18,183"
L00072,Whitefield,4,1927,11,14,Semi-Furnished,57469
L00005,Marathahalli,1,655,4,8,Unfurnished,15195
L00234,Indiranagar,4,2266,0,17,Unfurnished,76234
L00737,Yelahanka,2,925,7,8,Unfurnished,16581
L00216,HSR Layout,2,1128,6,15,Fully-Furnished,38182
L00578,Hebbal,3,1522,5,9,Semi-Furnished,38385
L00161,JP Nagar,2,928,1,4,Semi-Furnished,26076
L00265,Rajajinagar,1,579,3,10,Unfurnished,13k
L00541,Hebbal,2,,1,6,Semi-Furnished,29604
L00732,Hebbal,1,695,0,5,Fully-Furnished,19525
L00483,HSR Layout,2,1034,8,9,Unfurnished,31937
L00016,Sarjapur Road,2,924,1,3,Fully-Furnished,26971
L00750,BTM Layout,3,1518,1,6,Semi-Furnished,"₹42,881"
L00324,Yelahanka,2,1175,7,7,Fully-Furnished,27716
L00084,Indiranagar,2,1025,6,8,Unfurnished,37639
L00656,Hebbal,2,897,0,13,Unfurnished,19498
L00188,Rajajinagar,2,1231,0,4,Unfurnished,26987
L00242,BTM Layout,3,1379,8,11,Semi-Furnished,38278/-
L00196,JP Nagar,4,2422,6,9,Semi-Furnished,69472
L00697,Bannerghatta Road,2,988,3,4,Fully-Furnished,26532
L00286,Marathahalli,1,,3,15,Semi-Furnished,13804
L00371,HSR Layout,1,719,8,16,Unfurnished,20196
L00034,Sarjapur Road,3,1639,2,8,Fully-Furnished,54210
L00726,Bannerghatta Road,1,606,3,9,Unfurnished,11767
L00401,Rajajinagar,3,1311,11,12,Unfurnished,33k
L00694,Yelahanka,2,1148,3,3,Semi-Furnished,23696
L00355,HSR Layout,1,512,5,7,Fully-Furnished,18160
L00109,Yelahanka,2,1096,1,3,Semi-Furnished,22805
L00198,Koramangala,2,1031,1,16,Semi-Furnished,38796
L00340,HSR Layout,3,1438,13,18,Unfurnished,44546
L00648,Bannerghatta Road,3,1744,4,12,Fully-Furnished,415950
L00290,Bannerghatta Road,2,931,2,10,Unfurnished,19372
L00497,Whitefield,1,611,3,10,Semi-Furnished,16632
L00357,JP Nagar,4,2417,8,18,Fully-Furnished,73355
L00763,Yelahanka,4,2072,0,6,Fully-Furnished,42663
L00254,HSR Layout,3,1398,10,12,Semi-Furnished,48007
L00042,Sarjapur Road,2,1178,9,16,Unfurnished,28830
L00320,Hebbal,2,984,1,4,Unfurnished,24409
L00762,Sarjapur Road,2,852,5,13,Unfurnished,19988
L00511,Indiranagar,2,1072,1,15,Semi-Furnished,41707
L00751,Hebbal,2,957,3,14,Fully-Furnished,25169
L00117,Koramangala,2,1026,0,15,Semi-Furnished,39924/-
L00288,HSR Layout,2,1061,8,8,Unfurnished,312790
L00563,Jayanagar,1,750,3,15,Semi-Furnished,24207
L00562,Jayanagar,2,1049,4,5,Semi-Furnished,"₹28,961"
L00565,BTM Layout,1,684,13,15,Unfurnished,17253
L00523,Hebbal,3,1606,7,9,Unfurnished,39472
L00420,Electronic City,1,743,1,4,Fully-Furnished,17450
L00514,Hebbal,3,1423,9,17,Unfurnished,32743
L00350,Koramangala,2,893,8,11,Unfurnished,29k
L00327,JP Nagar,2,1024,0,13,Unfurnished,268170
L00660,JP Nagar,2,1017,8,10,Unfurnished,"₹23,737"
L00120,Hebbal,3,1377,6,8,Fully-Furnished,40517
L00619,JP Nagar,2,1166,6,6,Semi-Furnished,32107
L00282,Indiranagar,4,1937,3,7,Semi-Furnished,664570
L00040,Bannerghatta Road,2,1119,5,15,Semi-Furnished,24784
L00231,Yelahanka,2,1058,1,6,Semi-Furnished,19k
L00577,Indiranagar,3,1590,4,15,Semi-Furnished,56047
L00519,Rajajinagar,2,987,9,9,Unfurnished,23279
L00799,HSR Layout,3,1633,5,9,Unfurnished,455490
L00043,Bannerghatta Road,1,707,4,4,Unfurnished,13828
L00165,Hebbal,2,1227,7,11,Semi-Furnished,28840
L00468,Bannerghatta Road,3,1599,3,8,Semi-Furnished,37065
L00229,BTM Layout,1,542,14,16,Semi-Furnished,13k
L00646,Jayanagar,1,616,8,9,Fully-Furnished,21433
L00087,Koramangala,2,1178,5,7,Fully-Furnished,52912
L00550,Malleshwaram,2,1127,0,5,Fully-Furnished,41754
L00627,Yelahanka,1,685,10,11,Fully-Furnished,15515
L00634,Marathahalli,3,1703,13,15,Fully-Furnished,49762
L00586,Malleshwaram,2,,4,11,Unfurnished,22272
L00591,Malleshwaram,2,1061,5,5,Fully-Furnished,"₹37,757"
L00492,Hebbal,4,2031,1,4,Unfurnished,49243
L00664,Malleshwaram,2,1005,11,11,Fully-Furnished,"₹35,266"
L00700,Jayanagar,2,1137,0,3,Semi-Furnished,32340
L00642,Koramangala,4,2414,3,8,Fully-Furnished,"₹99,011"
L00795,Bannerghatta Road,3,1597,11,13,Unfurnished,30390
L00449,Jayanagar,2,1009,13,16,Semi-Furnished,29767
L00488,Bannerghatta Road,2,1075,5,16,Fully-Furnished,27k
L00592,Indiranagar,4,1933,2,6,Fully-Furnished,85553
L00503,Marathahalli,2,1075,4,6,Fully-Furnished,36698
L00465,Bannerghatta Road,1,707,5,8,Semi-Furnished,15156
L00583,BTM Layout,3,1572,7,7,Semi-Furnished,40318
L00746,Jayanagar,2,1067,8,17,Fully-Furnished,36255
L00568,Whitefield,1,740,5,7,Unfurnished,18693
L00573,Indiranagar,2,925,4,11,Fully-Furnished,"₹38,008"
L00536,JP Nagar,2,1059,5,5,Fully-Furnished,35k
L00079,Electronic City,2,988,1,5,Unfurnished,19797
L00387,Malleshwaram,1,731,17,18,Unfurnished,21909
L00501,Jayanagar,1,550,3,9,Unfurnished,15085
L00088,Marathahalli,2,989,11,15,Fully-Furnished,30029
L00134,BTM Layout,2,1176,17,17,Semi-Furnished,28325
L00476,Malleshwaram,4,2279,4,4,Fully-Furnished,77132
L00703,HSR Layout,1,574,1,7,Fully-Furnished,21298
L00366,Hebbal,2,1135,6,16,Unfurnished,24498
L00238,Electronic City,2,1139,10,16,Semi-Furnished,26024
L00131,Marathahalli,2,1134,4,13,Fully-Furnished,36361
L00151,Yelahanka,4,2130,0,6,Semi-Furnished,44606
L00484,Marathahalli,2,1192,1,7,Fully-Furnished,34k
L00049,Rajajinagar,1,562,6,7,Unfurnished,13764
L00137,Jayanagar,1,726,6,18,Fully-Furnished,22466
L00311,Bannerghatta Road,2,1225,3,11,Semi-Furnished,27878
L00585,Electronic City,2,947,2,6,Fully-Furnished,"₹21,206"
L00467,Koramangala,2,1230,5,5,Semi-Furnished,42128
L00342,Jayanagar,1,640,8,17,Semi-Furnished,18796
L00376,Sarjapur Road,2,923,6,8,Semi-Furnished,26341
L00792,Bannerghatta Road,1,561,0,9,Semi-Furnished,13k
L00679,Malleshwaram,3,1512,4,4,Fully-Furnished,52k
L00125,Rajajinagar,2,1193,0,5,Semi-Furnished,33379
L00205,Yelahanka,2,,4,18,Semi-Furnished,21338
L00114,Yelahanka,3,1600,7,17,Unfurnished,29009
L00300,Yelahanka,1,,2,3,Fully-Furnished,13692
L00013,Bannerghatta Road,2,1178,2,15,Unfurnished,21653
L00618,JP Nagar,2,,6,17,Unfurnished,30244
L00002,Rajajinagar,3,1338,8,8,Semi-Furnished,34383
L00405,Rajajinagar,2,1193,15,16,Fully-Furnished,34511
L00781,Koramangala,3,1720,0,3,Semi-Furnished,60k
L00633,Malleshwaram,2,1173,6,16,Unfurnished,35057
L00655,Sarjapur Road,2,880,7,8,Unfurnished,22k
L00068,Yelahanka,3,1702,7,14,Fully-Furnished,39113
L00370,Malleshwaram,3,1670,4,9,Fully-Furnished,64321
L00422,Marathahalli,2,861,1,11,Unfurnished,"₹22,987"
L00045,Marathahalli,1,634,8,11,Fully-Furnished,19251
L00107,Jayanagar,2,979,6,15,Fully-Furnished,"₹34,464"
L00666,Hebbal,1,565,6,12,Fully-Furnished,15688
L00313,JP Nagar,2,1237,10,10,Semi-Furnished,31785
L00715,HSR Layout,2,977,1,5,Semi-Furnished,30987
L00210,HSR Layout,1,533,4,10,Unfurnished,15052
L00219,Jayanagar,4,1894,6,6,Unfurnished,53268
L00262,Rajajinagar,2,1055,3,17,Unfurnished,24653
L00508,Electronic City,1,705,1,4,Fully-Furnished,16879
L00319,Sarjapur Road,2,950,7,8,Unfurnished,21895
L00193,Jayanagar,1,500,5,6,Fully-Furnished,18405
L00580,Jayanagar,3,1376,4,13,Semi-Furnished,"₹42,460"
L00022,Electronic City,1,702,4,8,Unfurnished,13052
L00132,Hebbal,2,1241,2,3,Unfurnished,27370
L00215,Sarjapur Road,3,1444,4,12,Unfurnished,31215/-
L00468,Bannerghatta Road,3,1599,3,8,Semi-Furnished,37065
L00490,Sarjapur Road,2,932,3,6,Fully-Furnished,27207
L00588,Koramangala,2,1163,3,18,Unfurnished,39498
L00622,Jayanagar,3,1718,3,12,Fully-Furnished,62916
L00582,Electronic City,3,1395,5,18,Unfurnished,28934
L00289,Malleshwaram,1,656,13,16,Unfurnished,19024
L00066,Marathahalli,2,1224,9,18,Unfurnished,30188
L00189,Malleshwaram,1,555,7,7,Fully-Furnished,19754
L00197,BTM Layout,2,1113,14,16,Semi-Furnished,27050
L00457,Sarjapur Road,3,1623,4,13,Semi-Furnished,46173
L00678,BTM Layout,3,1362,6,16,Unfurnished,31778
L00482,HSR Layout,3,1507,18,18,Fully-Furnished,50898
L00564,Hebbal,4,1937,4,15,Fully-Furnished,59577
L00435,Rajajinagar,4,2078,9,11,Semi-Furnished,54499
L00722,Malleshwaram,3,1469,1,18,Semi-Furnished,45984
L00433,Koramangala,4,1887,1,3,Fully-Furnished,79746
L00269,BTM Layout,2,861,2,9,Unfurnished,198870
L00531,Marathahalli,3,1418,4,14,Fully-Furnished,44798
L00741,Indiranagar,2,1192,14,17,Semi-Furnished,48222
L00047,Indiranagar,2,954,4,9,Fully-Furnished,37365
L00459,HSR Layout,4,2335,15,15,Semi-Furnished,77999
L00698,Bannerghatta Road,3,1566,7,13,Fully-Furnished,38280
L00558,Malleshwaram,2,1152,13,13,Fully-Furnished,37007
L00025,Malleshwaram,2,918,8,10,Fully-Furnished,32464
L00259,Whitefield,3,1379,6,9,Semi-Furnished,42688
L00078,Whitefield,2,1194,11,14,Fully-Furnished,41k
L00312,JP Nagar,4,2452,3,4,Fully-Furnished,78068
L00157,Jayanagar,1,731,9,15,Unfurnished,20868
L00513,Indiranagar,1,585,4,8,Unfurnished,21321
L00070,Bannerghatta Road,3,1702,7,12,Unfurnished,32944
L00133,Indiranagar,2,1077,9,16,Unfurnished,35651
L00046,BTM Layout,2,1140,6,11,Fully-Furnished,36227
L00039,HSR Layout,4,2437,8,18,Fully-Furnished,94006
L00095,BTM Layout,3,1547,3,16,Fully-Furnished,44836
L00382,Koramangala,4,2219,4,15,Fully-Furnished,86057
L00561,Jayanagar,4,2466,13,17,Unfurnished,62852
L00305,BTM Layout,4,2025,8,9,Fully-Furnished,61768
L00428,Sarjapur Road,1,522,8,9,Unfurnished,13k
L00250,Bannerghatta Road,2,927,5,14,Unfurnished,19078
L00020,Koramangala,1,,2,5,Semi-Furnished,20094
L00522,Yelahanka,2,1032,10,14,Semi-Furnished,18574
L00098,Whitefield,3,1643,6,8,Semi-Furnished,49795
L00546,Malleshwaram,4,2071,0,4,Unfurnished,57156
L00241,Bannerghatta Road,2,1181,7,17,Unfurnished,26163
L00028,Marathahalli,2,1151,10,11,Semi-Furnished,34k
L00769,HSR Layout,1,545,6,6,Unfurnished,15294
L00266,Electronic City,2,893,5,13,Fully-Furnished,20909
L00704,JP Nagar,1,563,1,13,Fully-Furnished,17479
L00343,Sarjapur Road,3,1610,6,11,Semi-Furnished,42642
L00443,Malleshwaram,1,692,10,15,Fully-Furnished,25875
L00056,JP Nagar,1,700,4,6,Fully-Furnished,19549
L00247,Indiranagar,2,1150,5,9,Semi-Furnished,42541
L00707,Rajajinagar,2,,2,9,Semi-Furnished,33373
L00413,JP Nagar,2,1187,7,14,Fully-Furnished,39335
L00516,JP Nagar,2,1189,3,14,Unfurnished,28293
L00548,Bannerghatta Road,4,1985,4,16,Fully-Furnished,46356
L00017,Indiranagar,1,645,2,10,Fully-Furnished,29718
L00108,Marathahalli,1,706,1,5,Fully-Furnished,"₹21,572"
L00245,Sarjapur Road,1,695,12,18,Semi-Furnished,20104
L00211,Koramangala,1,520,8,14,Fully-Furnished,22797
L00621,Electronic City,2,882,4,4,Semi-Furnished,19165
L00314,Jayanagar,2,961,10,12,Unfurnished,25371
L00090,Whitefield,2,1080,8,9,Unfurnished,29646/-
L00708,Whitefield,1,524,3,3,Unfurnished,15030
L00223,HSR Layout,2,909,0,17,Semi-Furnished,281680
L00772,Indiranagar,2,977,0,5,Semi-Furnished,37507
L00251,Rajajinagar,1,513,0,3,Fully-Furnished,14375
L00434,Sarjapur Road,3,1448,2,4,Unfurnished,31975
L00779,Marathahalli,2,998,2,6,Unfurnished,26413
L00325,Jayanagar,3,1352,2,7,Unfurnished,38681
L00723,Whitefield,1,569,6,8,Fully-Furnished,18334
L00166,Sarjapur Road,2,1015,13,16,Fully-Furnished,30933
L00427,BTM Layout,2,894,7,8,Unfurnished,"₹20,505"
L00123,Indiranagar,2,1076,14,17,Semi-Furnished,41455
L00143,Koramangala,2,1057,8,17,Semi-Furnished,35k
L00328,Jayanagar,2,1125,12,12,Unfurnished,"₹28,172"
L00699,BTM Layout,3,1466,12,17,Fully-Furnished,47710
L00454,Koramangala,1,655,6,8,Fully-Furnished,28780
L00691,Yelahanka,2,897,14,18,Semi-Furnished,16782
L00315,Yelahanka,3,1712,14,17,Semi-Furnished,30830
L00362,Sarjapur Road,3,1529,3,15,Fully-Furnished,48419
L00786,JP Nagar,2,1123,3,8,Semi-Furnished,27978
L00584,Yelahanka,1,660,10,18,Unfurnished,10646
L00670,Koramangala,1,631,4,17,Semi-Furnished,24056
L00638,Hebbal,2,953,3,9,Unfurnished,21299
L00539,Malleshwaram,2,1115,0,3,Unfurnished,28241
L00065,Electronic City,2,938,5,14,Semi-Furnished,21518
L00452,Sarjapur Road,2,890,7,14,Unfurnished,21494
L00083,Rajajinagar,2,1219,5,10,Fully-Furnished,36819
L00529,Electronic City,2,959,3,4,Unfurnished,19k
L00144,Jayanagar,2,1242,4,13,Fully-Furnished,42352
L00115,HSR Layout,2,1065,10,17,Semi-Furnished,37010
L00559,JP Nagar,2,1154,10,10,Fully-Furnished,36273
L00649,Koramangala,3,1583,10,10,Semi-Furnished,61120
L00222,Malleshwaram,4,2375,2,6,Unfurnished,71744
L00177,JP Nagar,4,2209,1,4,Unfurnished,56284
L00695,Sarjapur Road,2,912,2,8,Fully-Furnished,29469/-
L00204,Hebbal,4,2319,4,4,Fully-Furnished,72828
L00727,Jayanagar,3,1327,2,3,Unfurnished,34450
L00041,Sarjapur Road,2,1102,8,16,Semi-Furnished,27695
L00478,Koramangala,4,2316,0,10,Fully-Furnished,96123
L00515,Hebbal,2,1155,0,12,Unfurnished,26491
L00499,HSR Layout,1,692,1,9,Unfurnished,18984
L00719,Electronic City,2,1068,2,3,Semi-Furnished,24478
L00430,Marathahalli,3,1380,1,9,Fully-Furnished,40949
L00138,Sarjapur Road,2,1145,3,6,Fully-Furnished,355680
L00268,Bannerghatta Road,1,682,6,11,Unfurnished,"₹13,661"
L00243,Sarjapur Road,2,1028,10,15,Fully-Furnished,29834
L00145,JP Nagar,2,1102,3,7,Fully-Furnished,34084
L00146,Indiranagar,3,1742,5,11,Semi-Furnished,72140/-
L00509,Yelahanka,2,961,1,9,Fully-Furnished,21108
L00517,Bannerghatta Road,3,1308,7,7,Unfurnished,25737
L00504,Yelahanka,1,743,12,16,Fully-Furnished,15128
L00067,Hebbal,3,1377,2,10,Fully-Furnished,38842
L00258,BTM Layout,1,520,9,15,Unfurnished,12k
L00032,Bannerghatta Road,2,960,4,4,Semi-Furnished,"₹22,488"
L00756,Jayanagar,2,1021,1,3,Fully-Furnished,35563
L00344,Koramangala,1,657,4,17,Fully-Furnished,26437
L00011,Rajajinagar,2,1250,1,8,Unfurnished,29366
L00620,Malleshwaram,2,1150,16,16,Semi-Furnished,34756
L00752,Electronic City,1,582,4,15,Fully-Furnished,14893
L00365,Sarjapur Road,2,1055,4,8,Fully-Furnished,29337
L00412,Jayanagar,1,662,15,17,Unfurnished,17557
L00235,Jayanagar,2,1008,3,9,Unfurnished,"₹26,374"
L00440,Hebbal,2,1155,12,15,Fully-Furnished,34172
L00236,Koramangala,2,1238,1,16,Unfurnished,38k
L00689,Bannerghatta Road,3,1522,7,12,Semi-Furnished,31699
L00110,Jayanagar,1,624,1,3,Unfurnished,16001
L00351,Bannerghatta Road,2,1220,15,15,Unfurnished,23k
L00317,Bannerghatta Road,3,1464,0,12,Unfurnished,31900
L00510,Sarjapur Road,2,1195,11,16,Semi-Furnished,33563
L00421,Sarjapur Road,1,572,0,12,Fully-Furnished,18205
L00611,Koramangala,2,864,0,4,Unfurnished,25938
L00027,Rajajinagar,1,651,0,3,Unfurnished,165180
L00102,Whitefield,2,1128,6,7,Semi-Furnished,36178
L00721,Whitefield,3,1418,2,3,Semi-Furnished,41937
L00766,JP Nagar,2,1014,8,9,Semi-Furnished,28572
L00113,Sarjapur Road,3,1534,13,17,Unfurnished,33121
L00363,JP Nagar,2,1242,3,5,Semi-Furnished,33k
L00706,Indiranagar,2,1170,3,11,Unfurnished,42454
L00676,Malleshwaram,2,907,4,9,Unfurnished,25124
L00214,Hebbal,2,949,2,16,Semi-Furnished,22195
L00424,Malleshwaram,2,979,1,5,Fully-Furnished,328500
L00596,Indiranagar,2,963,12,15,Semi-Furnished,39020
L00099,Marathahalli,1,656,3,5,Unfurnished,15946
L00302,Indiranagar,4,2000,7,11,Semi-Furnished,78k
L00360,JP Nagar,3,1408,9,17,Unfurnished,36682
L00069,Yelahanka,2,872,4,7,Fully-Furnished,20206
L00628,Marathahalli,2,,7,10,Semi-Furnished,23099
L00336,Rajajinagar,2,878,2,7,Fully-Furnished,25425
L00761,Jayanagar,2,1063,4,8,Unfurnished,"₹26,436"
L00036,Bannerghatta Road,2,1066,13,18,Fully-Furnished,27k
L00725,JP Nagar,3,1578,2,4,Unfurnished,34377
L00194,Whitefield,2,994,3,3,Fully-Furnished,31747
L00201,Bannerghatta Road,2,973,1,3,Unfurnished,19139
L00104,Sarjapur Road,1,544,3,6,Fully-Furnished,17423
L00345,Electronic City,3,1375,2,15,Fully-Furnished,34162
L00341,BTM Layout,3,1435,4,17,Fully-Furnished,45017
L00597,Yelahanka,4,2186,2,7,Fully-Furnished,"₹52,746"
L00380,Bannerghatta Road,2,978,7,15,Fully-Furnished,"₹25,711"
L00167,Whitefield,3,1310,2,8,Semi-Furnished,40587/-
L00176,Jayanagar,4,1822,3,14,Fully-Furnished,65531/-
L00767,Bannerghatta Road,2,946,7,12,Semi-Furnished,20748
L00285,BTM Layout,2,1135,9,18,Unfurnished,25806
L00410,Electronic City,1,591,1,16,Semi-Furnished,13382
L00758,Malleshwaram,2,1084,3,12,Unfurnished,32540
L00287,Marathahalli,2,1226,8,13,Unfurnished,28423
L00566,BTM Layout,3,1604,15,16,Fully-Furnished,44611
L00264,Yelahanka,2,1239,10,10,Semi-Furnished,25580
L00800,Jayanagar,4,2471,3,3,Semi-Furnished,70831
L00626,Jayanagar,4,2127,1,4,Semi-Furnished,56575
L00075,Yelahanka,2,867,17,18,Semi-Furnished,17675
L00368,Malleshwaram,1,636,6,11,Fully-Furnished,22186
L00593,Rajajinagar,1,532,9,18,Fully-Furnished,17470
L00334,Koramangala,2,949,10,10,Unfurnished,31637
L00012,HSR Layout,1,578,4,5,Fully-Furnished,22k
L00560,Jayanagar,2,,1,11,Semi-Furnished,31697
L00244,BTM Layout,2,1189,2,5,Fully-Furnished,33304
L00073,Marathahalli,2,1242,1,15,Unfurnished,31057
L00788,Sarjapur Road,1,535,3,13,Semi-Furnished,13260
L00129,BTM Layout,2,1185,3,7,Semi-Furnished,31128
