customer_id,signup_date
C0001,2025-07-15
C0002,2025-07-04
C0003,2025-09-28
C0004,2024-10-29
C0005,2025-11-17
C0006,2025-06-09
C0007,2025-07-22
C0008,2025-11-16
C0009,2025-06-22
C0010,2024-12-17
C0011,2024-07-08
C0012,2025-04-05
C0013,2025-08-19
C0014,2025-09-03
C0015,2024-09-26
C0016,2025-03-23
C0017,2024-07-15
C0018,2024-07-26
C0019,2025-11-20
C0020,2024-09-11
C0021,2026-01-09
C0022,2025-08-02
C0023,2025-11-18
C0024,2025-05-26
C0025,2024-11-22
C0026,2024-11-11
C0027,2025-07-07
C0028,2025-11-03
C0029,2025-02-12
C0030,2024-10-13
C0031,2024-12-15
C0032,2025-12-05
C0033,2026-01-31
C0034,2025-08-06
C0035,2024-08-16
C0036,2025-09-21
C0037,2025-11-02
C0038,2024-09-26
C0039,2024-08-21
C0040,2025-06-20
C0041,2025-11-25
C0042,2024-08-06
C0043,2025-01-08
C0044,2025-05-13
C0045,2025-09-22
C0046,2025-04-25
C0047,2025-01-21
C0048,2025-08-27
C0049,2024-10-27
C0050,2025-02-15
C0051,2024-11-27
C0052,2025-06-16
C0053,2026-01-02
C0054,2025-09-13
C0055,2024-09-18
C0056,2026-03-19
C0057,2025-09-15
C0058,2026-01-24
C0059,2025-05-11
C0060,2024-11-14
C0061,2025-04-24
C0062,2026-05-28
C0063,2026-03-24
C0064,2025-11-19
C0065,2025-09-13
C0066,2025-01-10
C0067,2025-02-20
C0068,2024-11-14
C0069,2024-10-11
C0070,2025-08-21
C0071,2024-12-24
C0072,2024-10-27
C0073,2025-03-27
C0074,2025-11-09
C0075,2025-09-01
C0076,2026-04-09
C0077,2025-03-20
C0078,2024-08-26
C0079,2025-01-15
C0080,2024-09-29
C0081,2026-02-10
C0082,2025-01-29
C0083,2025-03-10
C0084,2025-04-30
C0085,2025-07-15
C0086,2026-01-29
C0087,2026-01-08
C0088,2025-11-27
C0089,2026-01-26
C0090,2025-05-26
C0091,2026-04-06
C0092,2026-04-19
C0093,2026-03-21
C0094,2025-08-20
C0095,2026-02-10
C0096,2024-11-16
C0097,2024-11-29
C0098,2025-08-30
C0099,2026-01-21
C0100,2026-02-22
C0101,2025-03-24
C0102,2025-11-03
C0103,2026-04-21
C0104,2024-07-24
C0105,2024-10-28
C0106,2026-03-31
C0107,2026-05-21
C0108,2026-02-06
C0109,2025-06-20
C0110,2024-08-30
C0111,2025-08-21
C0112,2025-08-13
C0113,2025-03-17
C0114,2025-09-27
C0115,2025-10-07
C0116,2025-10-18
C0117,2024-09-05
C0118,2024-09-20
C0119,2024-10-24
C0120,2025-08-31
C0121,2024-11-12
C0122,2025-06-03
C0123,2025-10-01
C0124,2025-12-27
C0125,2026-05-08
C0126,2024-11-11
C0127,2024-10-10
C0128,2025-07-11
C0129,2025-10-18
C0130,2025-12-07
C0131,2025-05-04
C0132,2025-11-04
C0133,2024-11-23
C0134,2024-09-07
C0135,2026-05-14
C0136,2025-12-18
C0137,2026-02-27
C0138,2024-10-24
C0139,2024-09-10
C0140,2025-08-28
C0141,2025-01-19
C0142,2026-01-24
C0143,2026-02-23
C0144,2025-09-21
C0145,2025-04-10
C0146,2025-10-17
C0147,2025-09-26
C0148,2025-02-15
C0149,2024-09-14
C0150,2025-12-13
C0151,2025-12-05
C0152,2025-10-18
C0153,2025-08-18
C0154,2026-02-11
C0155,2026-05-28
C0156,2025-09-29
C0157,2024-07-13
C0158,2025-07-20
C0159,2025-03-12
C0160,2024-10-15
C0161,2024-09-24
C0162,2025-05-01
C0163,2025-03-01
C0164,2025-10-25
C0165,2025-10-06
C0166,2026-02-18
C0167,2026-03-09
C0168,2025-04-08
C0169,2025-03-03
C0170,2025-03-04
C0171,2025-12-29
C0172,2025-05-03
C0173,2024-09-09
C0174,2025-05-07
C0175,2026-05-08
C0176,2024-11-23
C0177,2025-08-26
C0178,2025-11-02
C0179,2024-07-11
C0180,2025-01-13
C0181,2025-03-10
C0182,2024-12-11
C0183,2025-06-15
C0184,2025-07-06
C0185,2026-05-10
C0186,2025-01-05
C0187,2024-12-28
C0188,2024-09-08
C0189,2025-04-29
C0190,2025-03-05
C0191,2024-09-17
C0192,2025-11-02
C0193,2025-05-15
C0194,2026-01-04
C0195,2026-03-13
C0196,2024-09-23
C0197,2024-07-01
C0198,2025-05-10
C0199,2025-12-10
C0200,2025-04-13
C0201,2025-10-31
C0202,2025-10-20
C0203,2025-07-14
C0204,2025-06-04
C0205,2025-04-12
C0206,2025-08-24
C0207,2025-09-19
C0208,2025-08-07
C0209,2025-10-07
C0210,2025-05-08
C0211,2024-09-24
C0212,2025-02-05
C0213,2026-05-07
C0214,2024-11-01
C0215,2025-09-24
C0216,2024-08-09
C0217,2026-03-26
C0218,2025-02-22
C0219,2026-05-09
C0220,2025-04-28
C0221,2024-10-23
C0222,2025-06-12
C0223,2025-05-28
C0224,2025-05-06
C0225,2026-05-11
C0226,2025-01-14
C0227,2025-03-11
C0228,2025-03-01
C0229,2025-03-23
C0230,2026-03-01
C0231,2025-03-10
C0232,2025-09-12
C0233,2025-06-09
C0234,2025-10-09
C0235,2025-08-29
C0236,2025-05-21
C0237,2025-09-07
C0238,2025-01-26
C0239,2025-12-21
C0240,2025-12-10
C0241,2025-10-19
C0242,2024-10-09
C0243,2024-08-09
C0244,2024-12-18
C0245,2024-09-25
C0246,2024-12-04
C0247,2025-11-12
C0248,2026-04-24
C0249,2025-05-06
C0250,2025-05-23
C0251,2026-04-12
C0252,2025-10-09
C0253,2026-02-28
C0254,2025-12-20
C0255,2026-02-26
C0256,2024-09-08
C0257,2024-11-11
C0258,2026-04-10
C0259,2025-09-17
C0260,2026-03-11
C0261,2024-12-10
C0262,2025-09-12
C0263,2025-02-22
C0264,2025-12-30
C0265,2025-08-04
C0266,2026-01-06
C0267,2025-03-11
C0268,2025-08-19
C0269,2025-11-22
C0270,2025-10-09
C0271,2025-04-07
C0272,2025-07-16
C0273,2025-12-12
C0274,2024-12-14
C0275,2026-03-24
C0276,2025-10-06
C0277,2026-02-26
C0278,2024-09-03
C0279,2026-04-08
C0280,2024-10-22
C0281,2024-07-30
C0282,2025-12-02
C0283,2025-08-09
C0284,2024-11-16
C0285,2025-02-04
C0286,2025-03-24
C0287,2025-12-11
C0288,2025-10-02
C0289,2026-05-14
C0290,2025-11-12
C0291,2024-09-21
C0292,2026-03-14
C0293,2026-03-24
C0294,2026-02-17
C0295,2025-08-29
C0296,2025-11-29
C0297,2024-12-01
C0298,2026-01-24
C0299,2025-02-12
C0300,2024-11-11
C0301,2025-05-19
C0302,2025-11-29
C0303,2025-12-26
C0304,2024-12-01
C0305,2025-11-21
C0306,2025-09-22
C0307,2026-05-23
C0308,2025-07-02
C0309,2025-12-07
C0310,2025-08-26
C0311,2024-12-22
C0312,2026-05-10
C0313,2025-01-04
C0314,2024-12-31
C0315,2026-04-03
C0316,2025-04-23
C0317,2026-01-13
C0318,2025-12-11
C0319,2026-04-12
C0320,2025-02-05
C0321,2025-12-23
C0322,2026-01-16
C0323,2025-09-26
C0324,2024-09-15
C0325,2025-05-20
C0326,2024-10-21
C0327,2025-08-19
C0328,2025-02-12
C0329,2025-09-22
C0330,2025-02-20
C0331,2025-12-03
C0332,2026-02-08
C0333,2025-09-19
C0334,2025-12-17
C0335,2024-08-14
C0336,2024-09-18
C0337,2026-04-18
C0338,2026-03-24
C0339,2025-05-10
C0340,2026-01-12
C0341,2026-05-31
C0342,2025-08-10
C0343,2025-02-14
C0344,2024-12-06
C0345,2025-01-15
C0346,2024-07-07
C0347,2025-04-22
C0348,2024-11-14
C0349,2024-11-23
C0350,2025-04-13
C0351,2024-12-10
C0352,2025-02-08
C0353,2024-08-07
C0354,2024-12-15
C0355,2025-06-03
C0356,2024-09-18
C0357,2024-10-17
C0358,2025-04-12
C0359,2025-09-16
C0360,2024-12-11
C0361,2025-04-09
C0362,2025-12-12
C0363,2025-01-01
C0364,2025-01-05
C0365,2026-01-22
C0366,2026-04-24
C0367,2025-11-01
C0368,2026-03-17
C0369,2024-09-24
C0370,2025-05-20
C0371,2025-07-30
C0372,2026-02-02
C0373,2024-09-20
C0374,2025-04-04
C0375,2025-05-05
C0376,2025-05-12
C0377,2025-07-29
C0378,2025-05-14
C0379,2026-05-07
C0380,2025-07-13
C0381,2025-01-18
C0382,2025-11-09
C0383,2026-05-15
C0384,2025-10-23
C0385,2025-03-12
C0386,2024-08-16
C0387,2026-01-01
C0388,2025-02-25
C0389,2024-10-04
C0390,2026-01-08
C0391,2024-08-05
C0392,2025-07-26
C0393,2025-04-21
C0394,2025-09-23
C0395,2026-01-06
C0396,2026-05-15
C0397,2025-10-11
C0398,2025-03-08
C0399,2025-09-15
C0400,2025-01-18
C0401,2025-04-18
C0402,2025-02-08
C0403,2025-02-09
C0404,2025-05-16
C0405,2025-11-03
C0406,2025-02-11
C0407,2026-01-18
C0408,2025-04-01
C0409,2026-04-09
C0410,2025-09-22
C0411,2026-01-02
C0412,2024-08-14
C0413,2026-02-17
C0414,2025-08-02
C0415,2025-05-13
C0416,2026-04-07
C0417,2025-06-07
C0418,2025-02-09
C0419,2025-05-01
C0420,2024-07-31
C0421,2025-03-14
C0422,2026-03-13
C0423,2024-09-26
C0424,2025-08-03
C0425,2025-06-02
C0426,2024-12-23
C0427,2024-11-13
C0428,2025-01-28
C0429,2026-04-20
C0430,2025-01-26
C0431,2026-03-23
C0432,2025-06-05
C0433,2025-06-26
C0434,2025-11-14
C0435,2025-07-18
C0436,2024-12-29
C0437,2025-12-13
C0438,2026-05-20
C0439,2026-02-17
C0440,2026-01-02
C0441,2024-11-02
C0442,2025-08-28
C0443,2026-03-31
C0444,2026-05-06
C0445,2024-12-26
C0446,2025-10-20
C0447,2024-08-24
C0448,2024-12-14
C0449,2025-05-16
C0450,2026-05-07
C0451,2025-02-26
C0452,2025-04-13
C0453,2025-06-23
C0454,2024-09-11
C0455,2025-02-14
C0456,2025-06-10
C0457,2024-09-02
C0458,2025-07-01
C0459,2025-08-13
C0460,2025-05-20
C0461,2026-04-09
C0462,2024-12-18
C0463,2024-10-09
C0464,2026-01-25
C0465,2025-03-09
C0466,2025-01-17
C0467,2025-03-14
C0468,2024-12-21
C0469,2026-04-24
C0470,2024-07-18
C0471,2024-11-16
C0472,2024-10-29
C0473,2024-12-29
C0474,2026-03-24
C0475,2025-12-25
C0476,2025-05-10
C0477,2025-06-27
C0478,2024-07-24
C0479,2025-03-07
C0480,2024-08-19
C0481,2025-08-31
C0482,2026-01-04
C0483,2026-01-06
C0484,2025-11-11
C0485,2026-02-25
C0486,2024-09-07
C0487,2025-05-03
C0488,2025-08-22
C0489,2025-04-23
C0490,2025-10-18
C0491,2026-04-19
C0492,2026-04-16
C0493,2025-07-25
C0494,2026-05-19
C0495,2026-01-15
C0496,2025-11-13
C0497,2025-03-29
C0498,2024-10-26
C0499,2025-11-14
C0500,2025-03-30
