order_id,customer_id,order_date,amount,category,is_return
TXN001821,C0476,2025-11-04,731.69,Baby Care,0
TXN001579,C0405,2025-11-06,1801.9,Combos,0
TXN001511,C0391,2024-08-16,304.25,Body Care,0
TXN000752,C0181,2026-02-11,1218.75,Baby Care,0
TXN001409,C0364,2025-07-02,720.1,Combos,1
TXN000698,C0169,2025-10-06,896.03,Face Care,0
TXN000608,C0154,2026-05-10,377.76,Body Care,0
TXN000582,C0148,2025-11-22,1166.5,Baby Care,0
TXN000366,C0097,2025-02-20,317.99,Hair Care,0
TXN000185,C0043,2025-11-13,1341.85,Combos,0
TXN000227,C0055,2024-11-08,1436.4,Combos,0
TXN000594,C0152,2025-10-28,1325.79,Combos,0
TXN000471,C0118,2024-09-30,505.54,Hair Care,0
TXN000546,C0140,2026-03-04,1013.22,Baby Care,0
TXN001006,C0251,2026-04-19,1294.43,Combos,0
TXN000509,C0129,2025-10-24,396.59,Face Care,0
TXN000543,C0140,2025-10-28,822.12,Body Care,0
TXN001484,C0385,2025-03-21,734.36,Hair Care,0
TXN001783,C0463,2024-12-01,894.76,Face Care,0
TXN000892,C0222,2025-06-19,1353.14,Combos,0
TXN000127,C0031,2025-03-15,518.49,Hair Care,0
TXN000325,C0082,2025-10-19,940.7,Combos,0
TXN000049,C0011,2024-09-29,631.61,Baby Care,0
TXN000941,C0236,2025-07-18,512.94,Face Care,0
TXN000642,C0161,2024-10-02,639.67,Face Care,0
TXN001386,C0359,2025-09-29,616.83,Hair Care,0
TXN000898,C0223,2025-05-30,746.23,Hair Care,0
TXN000322,C0081,2026-02-16,822.41,Combos,0
TXN001196,C0304,2025-04-25,1785.14,Combos,1
TXN000860,C0207,2026-02-06,480.17,Baby Care,0
TXN000929,C0233,2026-04-08,528.9,Hair Care,1
TXN001700,C0435,2025-09-04,520.61,Hair Care,0
TXN000168,C0040,2026-06-03,1301.02,Combos,0
TXN000297,C0075,2025-10-10,1303.41,Combos,0
TXN000079,C0017,2025-02-03,634.38,Face Care,0
TXN001907,C0499,2026-05-07,558.55,Body Care,0
TXN001335,C0346,2025-01-06,544.81,Body Care,0
TXN000603,C0153,2025-10-27,565.4,Baby Care,0
TXN001191,C0302,2025-12-09,381.26,Baby Care,0
TXN001738,C0449,2026-03-28,1160.26,Combos,0
TXN001135,C0284,2025-09-01,674.79,Body Care,0
TXN000070,C0015,2026-01-18,893.88,Face Care,0
TXN000758,C0183,2025-06-18,588.72,Body Care,0
TXN000449,C0113,2025-06-27,648.27,Combos,0
TXN000020,C0005,2025-11-28,346.53,Face Care,0
TXN000725,C0175,2026-06-13,352.44,Hair Care,0
TXN000128,C0031,2025-04-26,697.32,Face Care,0
TXN001596,C0411,2026-01-11,1863.21,Combos,0
TXN001867,C0486,2024-11-21,498.71,Face Care,0
TXN000559,C0142,2026-02-02,990.13,Body Care,0
TXN000639,C0160,2025-06-13,643.22,Combos,0
TXN001100,C0272,2026-06-29,316.11,Body Care,0
TXN001587,C0406,2025-11-07,973.81,Combos,0
TXN001069,C0266,2026-06-23,1189.65,Combos,0
TXN001464,C0380,2026-02-11,653.62,Hair Care,0
TXN001398,C0361,2025-05-11,978.52,Combos,1
TXN000844,C0204,2025-09-30,391.74,Body Care,0
TXN000487,C0121,2024-11-16,362.5,Body Care,0
TXN001120,C0282,2025-12-09,1868.35,Combos,0
TXN000109,C0026,2024-12-22,746.34,Body Care,0
TXN000094,C0022,2026-05-17,1820.55,Combos,0
TXN001324,C0344,2025-12-10,1620.29,Combos,0
TXN000405,C0101,2026-06-30,1075.65,Baby Care,0
TXN000643,C0161,2024-11-21,1003.16,Baby Care,0
TXN000754,C0182,2025-02-02,1038.12,Baby Care,0
TXN000965,C0241,2026-04-01,794.91,Face Care,0
TXN000562,C0142,2026-06-05,351.28,Hair Care,0
TXN001525,C0394,2026-02-05,964.97,Combos,0
TXN001581,C0405,2026-02-01,416.5,Face Care,0
TXN001002,C0249,2025-09-03,588.38,Baby Care,0
TXN001635,C0418,2025-10-13,587.02,Hair Care,0
TXN000210,C0049,2025-05-03,446.92,Body Care,0
TXN001611,C0413,2026-02-25,582.16,Face Care,0
TXN000633,C0160,2024-11-28,1229.95,Baby Care,0
TXN001379,C0357,2025-03-26,1213.85,Baby Care,0
TXN000080,C0017,2025-03-17,418.75,Baby Care,0
TXN001722,C0442,2026-06-27,600.03,Combos,0
TXN001390,C0360,2025-04-03,822.75,Body Care,0
TXN000815,C0197,2024-07-11,621.31,Body Care,0
TXN000793,C0191,2025-05-01,296.44,Body Care,0
TXN000696,C0169,2025-07-22,504.11,Hair Care,0
TXN000457,C0113,2026-04-25,881.86,Baby Care,0
TXN001302,C0335,2024-08-14,341.72,Face Care,0
TXN000464,C0116,2025-12-01,1412.75,Combos,0
TXN001489,C0388,2025-05-08,927.34,Baby Care,0
TXN001034,C0257,2025-07-25,875.44,Baby Care,0
TXN000660,C0162,2026-02-28,793.29,Hair Care,0
TXN001091,C0272,2025-07-18,319.12,Face Care,0
TXN000430,C0109,2025-09-02,777.02,Face Care,0
TXN001373,C0355,2026-06-11,488.03,Face Care,0
TXN000403,C0101,2026-04-10,221.21,Hair Care,0
TXN000736,C0178,2025-12-14,936.1,Body Care,0
TXN000668,C0164,2026-03-29,211.31,Hair Care,0
TXN001276,C0326,2025-02-02,605.93,Combos,0
TXN000566,C0143,2026-06-23,271.56,Body Care,0
TXN001234,C0316,2025-05-30,1246.08,Combos,0
TXN000409,C0104,2024-07-29,878.73,Body Care,0
TXN000433,C0109,2025-12-26,409.23,Face Care,0
TXN001005,C0250,2025-06-05,1792.98,Combos,0
TXN001556,C0403,2025-03-29,412.39,Face Care,0
TXN000251,C0061,2025-04-28,1096.16,Combos,0
TXN001282,C0328,2025-04-23,697.27,Hair Care,0
TXN001730,C0449,2025-06-20,411.61,Face Care,0
TXN000046,C0010,2025-10-09,954.48,Combos,0
TXN001634,C0418,2025-09-13,1646.78,Combos,0
TXN000315,C0079,2025-05-26,759.54,Hair Care,0
TXN000900,C0225,2026-05-16,1541.67,Combos,0
TXN001488,C0388,2025-04-01,507.24,Hair Care,0
TXN000292,C0073,2025-12-10,333.34,Hair Care,0
TXN000167,C0040,2026-04-18,458.27,Baby Care,0
TXN000361,C0095,2026-05-06,559.34,Baby Care,0
TXN000393,C0100,2026-06-20,1573.06,Combos,0
TXN000493,C0121,2025-06-28,620.22,Baby Care,0
TXN000387,C0099,2026-03-17,966.35,Baby Care,0
TXN000119,C0029,2025-05-23,1638.3,Combos,0
TXN000854,C0206,2026-05-19,1009.76,Baby Care,0
TXN001000,C0249,2025-06-28,411.13,Baby Care,0
TXN001353,C0351,2025-01-19,573.21,Hair Care,1
TXN000343,C0090,2025-09-24,1086.61,Baby Care,0
TXN001799,C0465,2025-06-09,1381.89,Combos,0
TXN000490,C0121,2025-03-16,413.65,Hair Care,0
TXN001517,C0393,2025-09-21,752.75,Combos,0
TXN000951,C0238,2025-02-22,625.15,Baby Care,0
TXN001616,C0415,2025-05-22,1045.71,Baby Care,0
TXN000064,C0015,2025-05-26,868.83,Face Care,0
TXN001468,C0380,2026-06-29,282.69,Face Care,0
TXN000627,C0159,2025-09-08,416.58,Face Care,1
TXN001436,C0372,2026-02-08,702.24,Body Care,0
TXN000252,C0061,2025-05-25,207.96,Hair Care,0
TXN001012,C0254,2026-03-07,581.02,Body Care,0
TXN001217,C0309,2026-06-24,263.94,Body Care,0
TXN000732,C0177,2026-04-09,979.58,Body Care,0
TXN001614,C0413,2026-06-16,748.78,Hair Care,0
TXN001595,C0410,2025-10-03,874.53,Baby Care,0
TXN001670,C0428,2025-02-09,756.09,Body Care,1
TXN000726,C0176,2024-12-03,1503.05,Combos,0
TXN001471,C0382,2025-12-27,633.01,Face Care,0
TXN000439,C0111,2025-09-03,1122.35,Combos,0
TXN000648,C0161,2025-05-15,255.87,Face Care,0
TXN001045,C0260,2026-06-12,276.77,Face Care,0
TXN000350,C0090,2026-05-06,665.66,Body Care,0
TXN000764,C0184,2025-08-16,525.52,Face Care,0
TXN001680,C0429,2026-06-06,1103.3,Baby Care,0
TXN001330,C0345,2025-09-28,837.36,Combos,0
TXN001333,C0346,2024-10-10,346.41,Hair Care,0
TXN001286,C0329,2025-11-08,1115.06,Baby Care,0
TXN000883,C0216,2024-08-18,544.37,Face Care,1
TXN000134,C0031,2025-11-30,753.41,Combos,0
TXN000512,C0129,2026-03-06,495.34,Face Care,1
TXN000510,C0129,2025-12-05,404.36,Body Care,0
TXN000551,C0141,2025-03-10,583.56,Face Care,0
TXN000943,C0236,2025-09-27,202.76,Hair Care,0
TXN001880,C0488,2025-12-16,226.05,Hair Care,0
TXN000723,C0174,2026-05-16,506.84,Body Care,0
TXN001718,C0442,2026-01-19,1019.39,Combos,0
TXN000554,C0141,2025-06-30,560.89,Baby Care,0
TXN000217,C0050,2025-03-12,469.78,Hair Care,0
TXN001215,C0309,2026-03-24,687.81,Body Care,0
TXN001773,C0460,2025-11-02,615.78,Hair Care,0
TXN000897,C0222,2026-05-31,423.88,Body Care,0
TXN001447,C0375,2026-01-16,1194.21,Baby Care,0
TXN000724,C0175,2026-05-10,350.02,Body Care,0
TXN000032,C0009,2025-08-07,344.99,Face Care,0
TXN000659,C0162,2026-01-31,363.41,Baby Care,0
TXN000301,C0075,2026-06-09,1181.49,Baby Care,0
TXN001608,C0412,2025-05-02,624.1,Baby Care,0
TXN000364,C0097,2024-12-13,912.42,Combos,0
TXN001038,C0258,2026-04-23,388.43,Baby Care,0
TXN001839,C0480,2025-08-03,416.66,Baby Care,0
TXN000116,C0028,2025-11-10,461.88,Hair Care,0
TXN000470,C0117,2025-02-13,427.15,Hair Care,0
TXN000270,C0068,2025-02-16,771.52,Hair Care,0
TXN001364,C0355,2025-06-08,780.71,Baby Care,0
TXN000606,C0154,2026-03-08,622.48,Combos,0
TXN000274,C0068,2025-06-30,427.48,Body Care,0
TXN001111,C0278,2024-10-20,614.81,Baby Care,0
TXN000548,C0140,2026-05-03,1013.76,Baby Care,0
TXN001908,C0499,2026-06-11,750.61,Hair Care,0
TXN001024,C0256,2025-04-24,796.68,Face Care,0
TXN000532,C0134,2025-01-31,854.14,Face Care,0
TXN001500,C0389,2025-01-26,859.88,Baby Care,0
TXN000705,C0171,2026-02-11,330.41,Hair Care,0
TXN000520,C0130,2026-06-26,525.35,Face Care,0
TXN000421,C0105,2025-02-19,393.19,Face Care,0
TXN001733,C0449,2025-09-30,1015.11,Combos,0
TXN001428,C0370,2025-05-26,565.03,Hair Care,0
TXN000410,C0104,2024-09-12,772.49,Face Care,0
TXN001528,C0394,2026-06-04,1185.32,Baby Care,0
TXN001348,C0349,2024-12-07,335.0,Body Care,0
TXN000207,C0049,2025-01-11,691.21,Hair Care,0
TXN001863,C0485,2026-05-18,343.23,Hair Care,0
TXN001899,C0497,2025-06-06,863.05,Body Care,0
TXN001296,C0332,2026-02-16,573.27,Hair Care,0
TXN001175,C0293,2026-06-12,364.64,Hair Care,0
TXN000038,C0010,2024-12-23,348.68,Body Care,0
TXN001742,C0451,2025-03-11,567.31,Body Care,0
TXN001247,C0318,2025-12-17,205.17,Hair Care,0
TXN000423,C0106,2026-04-09,722.19,Baby Care,0
TXN001166,C0288,2025-10-13,575.42,Body Care,0
TXN000413,C0104,2024-12-21,950.38,Body Care,0
TXN001218,C0310,2025-09-04,408.84,Face Care,0
TXN000462,C0115,2025-10-12,1342.03,Combos,0
TXN001628,C0417,2026-06-17,392.41,Body Care,0
TXN001425,C0369,2025-07-08,377.95,Hair Care,0
TXN000877,C0214,2025-08-28,365.92,Face Care,0
TXN001026,C0256,2025-07-18,782.0,Face Care,0
TXN001201,C0305,2025-12-31,718.14,Face Care,0
TXN000770,C0185,2026-06-25,744.73,Hair Care,0
TXN001575,C0404,2026-01-14,207.28,Hair Care,1
TXN000675,C0166,2026-06-14,480.51,Face Care,1
TXN001051,C0263,2025-03-04,749.36,Baby Care,0
TXN001673,C0428,2025-05-13,1280.86,Baby Care,0
TXN000811,C0196,2025-08-23,271.63,Hair Care,0
TXN001859,C0484,2026-05-25,340.01,Face Care,0
TXN001443,C0375,2025-08-07,921.33,Combos,0
TXN001600,C0411,2026-06-27,281.95,Face Care,0
TXN000334,C0087,2026-01-21,617.28,Hair Care,0
TXN001510,C0390,2026-01-13,1087.71,Combos,1
TXN001580,C0405,2025-12-19,810.42,Body Care,0
TXN000309,C0077,2025-08-17,391.07,Hair Care,0
TXN001840,C0481,2025-08-31,642.14,Body Care,1
TXN001270,C0325,2025-09-24,813.43,Face Care,0
TXN001848,C0482,2026-01-07,1359.74,Combos,0
TXN000803,C0196,2024-11-01,356.23,Face Care,0
TXN001237,C0316,2025-09-15,1085.77,Baby Care,0
TXN000780,C0188,2025-03-18,941.28,Body Care,0
TXN001864,C0485,2026-06-18,811.28,Baby Care,0
TXN001687,C0432,2025-08-21,337.86,Face Care,0
TXN000970,C0242,2024-12-31,754.27,Hair Care,0
TXN001644,C0420,2024-09-02,944.89,Body Care,0
TXN001667,C0425,2026-05-31,895.69,Body Care,0
TXN000800,C0195,2026-04-21,321.07,Body Care,0
TXN001442,C0375,2025-06-20,551.79,Hair Care,0
TXN000993,C0246,2025-01-12,569.49,Hair Care,0
TXN000456,C0113,2026-03-12,641.18,Hair Care,0
TXN001137,C0285,2025-02-16,804.01,Body Care,0
TXN000763,C0184,2025-07-16,238.43,Hair Care,0
TXN000237,C0057,2025-09-24,1129.28,Baby Care,0
TXN000228,C0055,2024-12-19,589.4,Baby Care,0
TXN001406,C0363,2025-02-17,500.14,Face Care,0
TXN001458,C0379,2026-06-21,993.99,Body Care,0
TXN000189,C0045,2025-12-16,366.5,Body Care,0
TXN001186,C0298,2026-04-18,806.16,Face Care,0
TXN001047,C0262,2025-09-20,426.47,Hair Care,0
TXN000154,C0039,2024-09-15,585.67,Face Care,0
TXN001532,C0397,2025-10-24,653.66,Hair Care,0
TXN000318,C0079,2025-09-22,1088.54,Baby Care,0
TXN001623,C0417,2025-12-24,975.83,Baby Care,0
TXN001709,C0437,2026-06-01,664.3,Body Care,0
TXN001744,C0452,2025-05-28,309.51,Hair Care,0
TXN001142,C0285,2025-08-14,770.86,Hair Care,0
TXN001236,C0316,2025-08-17,1199.42,Combos,0
TXN000172,C0042,2024-11-03,956.6,Combos,0
TXN001707,C0437,2026-03-11,607.03,Hair Care,0
TXN001549,C0401,2025-09-07,709.19,Hair Care,0
TXN001869,C0486,2025-01-29,331.97,Hair Care,0
TXN001866,C0486,2024-10-09,833.58,Baby Care,0
TXN000945,C0237,2025-09-13,937.67,Body Care,0
TXN001828,C0477,2025-07-01,1177.6,Combos,0
TXN001900,C0497,2025-07-12,713.09,Baby Care,0
TXN000422,C0105,2025-03-23,330.05,Face Care,0
TXN000152,C0038,2024-10-07,739.5,Hair Care,0
TXN000001,C0001,2025-07-29,659.29,Body Care,0
TXN001013,C0254,2026-04-26,690.64,Body Care,0
TXN000105,C0025,2025-03-10,348.72,Body Care,0
TXN000303,C0076,2026-05-19,700.93,Face Care,0
TXN001317,C0344,2025-03-29,927.28,Baby Care,0
TXN000091,C0022,2025-10-12,318.73,Body Care,0
TXN001801,C0467,2025-03-19,243.81,Hair Care,0
TXN001029,C0257,2025-02-01,1093.81,Baby Care,0
TXN000529,C0134,2024-10-18,319.43,Face Care,0
TXN000155,C0039,2024-10-09,743.8,Hair Care,0
TXN000461,C0114,2026-03-31,394.08,Baby Care,0
TXN000555,C0141,2025-08-11,987.43,Baby Care,0
TXN000148,C0036,2026-02-05,1185.39,Baby Care,0
TXN001890,C0493,2025-08-05,648.71,Face Care,0
TXN000072,C0016,2025-04-30,843.5,Body Care,0
TXN000085,C0021,2026-03-08,814.18,Face Care,0
TXN000926,C0233,2025-12-18,475.09,Face Care,0
TXN001192,C0303,2026-01-06,287.22,Body Care,0
TXN001354,C0351,2025-02-26,556.7,Face Care,0
TXN001860,C0484,2026-06-27,486.35,Hair Care,0
TXN001656,C0423,2025-06-13,547.95,Body Care,0
TXN000610,C0155,2026-06-01,306.82,Face Care,0
TXN001551,C0401,2025-11-30,558.08,Baby Care,0
TXN001699,C0435,2025-07-21,464.85,Body Care,0
TXN001417,C0368,2026-03-25,523.94,Face Care,0
TXN000503,C0124,2025-12-31,1147.84,Combos,0
TXN001561,C0403,2025-10-16,425.84,Baby Care,0
TXN001852,C0482,2026-06-05,996.88,Combos,0
TXN001833,C0479,2025-03-11,494.06,Body Care,0
TXN001582,C0405,2026-02-27,1561.12,Combos,0
TXN000279,C0071,2024-12-28,470.04,Hair Care,0
TXN001496,C0388,2026-02-08,993.3,Body Care,1
TXN000196,C0046,2025-07-18,706.57,Body Care,0
TXN000616,C0158,2025-11-02,734.9,Face Care,1
TXN000069,C0015,2025-11-30,841.1,Face Care,0
TXN001805,C0468,2025-02-27,1485.4,Combos,0
TXN000206,C0049,2024-12-12,,Combos,0
TXN000919,C0231,2025-03-11,308.81,Hair Care,0
TXN000336,C0088,2026-05-15,1279.84,Combos,0
TXN001352,C0351,2024-12-16,892.99,Body Care,0
TXN001023,C0256,2025-03-07,1052.09,Combos,0
TXN000324,C0082,2025-02-06,1522.8,Combos,0
TXN001424,C0369,2025-05-19,301.79,Face Care,1
TXN000580,C0148,2025-09-09,532.34,Face Care,0
TXN000685,C0168,2025-10-17,838.77,Face Care,0
TXN000060,C0015,2024-12-30,333.42,Face Care,0
TXN000443,C0111,2026-01-16,324.13,Body Care,0
TXN001895,C0495,2026-05-15,676.84,Combos,0
TXN001546,C0401,2025-06-05,884.67,Body Care,0
TXN000041,C0010,2025-03-28,905.64,Body Care,0
TXN001132,C0284,2025-05-23,,Hair Care,0
TXN000729,C0177,2025-12-08,633.61,Hair Care,0
TXN000775,C0188,2024-09-16,704.35,Body Care,0
TXN000096,C0024,2025-06-06,641.72,Hair Care,0
TXN001198,C0304,2025-07-07,405.46,Face Care,0
TXN000721,C0174,2025-07-26,599.5,Baby Care,1
TXN000200,C0048,2025-10-15,682.57,Hair Care,0
TXN000174,C0042,2025-01-05,960.32,Baby Care,0
TXN000982,C0244,2025-02-20,269.1,Hair Care,0
TXN000203,C0048,2026-01-19,494.55,Hair Care,0
TXN001020,C0256,2024-10-23,985.8,Combos,0
TXN000073,C0016,2025-12-23,299.51,Hair Care,0
TXN000242,C0058,2026-03-28,375.66,Hair Care,0
TXN001637,C0418,2026-01-06,1582.77,Combos,0
TXN001167,C0289,2026-05-25,680.84,Baby Care,1
TXN000776,C0188,2024-10-27,696.86,Hair Care,0
TXN001211,C0308,2025-11-14,367.34,Face Care,0
TXN001121,C0282,2026-01-04,467.68,Body Care,0
TXN001472,C0382,2026-02-04,372.42,Face Care,0
TXN000540,C0138,2025-05-10,502.9,Body Care,0
TXN000710,C0172,2025-05-12,591.69,Body Care,0
TXN001178,C0294,2026-04-14,415.96,Hair Care,1
TXN000638,C0160,2025-05-19,368.59,Body Care,0
TXN000525,C0131,2026-03-01,570.14,Body Care,0
TXN000057,C0015,2024-10-04,972.82,Combos,0
TXN001456,C0378,2025-05-25,377.11,Hair Care,1
TXN000510,C0129,2025-12-05,404.36,Body Care,0
TXN000849,C0206,2025-11-12,758.67,Hair Care,0
TXN000004,C0002,2025-07-14,857.77,Body Care,0
TXN000547,C0140,2026-03-31,1618.25,Combos,0
TXN000691,C0168,2026-05-18,1081.86,Combos,0
TXN001857,C0484,2026-03-17,302.95,Face Care,0
TXN000054,C0012,2025-04-18,428.23,Body Care,1
TXN001064,C0265,2026-06-16,420.14,Face Care,0
TXN001440,C0374,2025-09-16,561.71,Body Care,0
TXN001706,C0437,2026-02-10,685.78,Hair Care,0
TXN000640,C0160,2025-07-18,276.63,Face Care,0
TXN001452,C0376,2025-10-21,814.96,Face Care,0
TXN001090,C0271,2025-08-10,372.77,Hair Care,0
TXN001301,C0334,2025-12-26,483.79,Body Care,0
TXN000626,C0159,2025-08-12,706.44,Combos,0
TXN001544,C0400,2025-11-15,1242.36,Combos,0
TXN000124,C0030,2024-10-17,437.38,Body Care,0
TXN000223,C0052,2025-06-22,713.89,Combos,0
TXN000614,C0158,2025-08-17,1082.34,Combos,1
TXN000630,C0159,2026-01-01,823.02,Baby Care,0
TXN001798,C0465,2025-05-13,511.73,Face Care,0
TXN000243,C0058,2026-05-04,1326.8,Combos,0
TXN001095,C0272,2025-11-30,1034.79,Combos,0
TXN000431,C0109,2025-10-01,638.63,Combos,0
TXN000358,C0094,2026-05-23,448.22,Hair Care,0
TXN001786,C0463,2025-04-07,330.07,Hair Care,0
TXN001299,C0332,2026-06-12,1898.77,Combos,0
TXN001712,C0439,2026-03-02,361.67,Baby Care,0
TXN000514,C0129,2026-06-02,477.93,Baby Care,0
TXN001905,C0499,2026-02-08,870.3,Combos,0
TXN000022,C0006,2025-07-22,965.06,Baby Care,0
TXN000783,C0189,2025-10-16,978.65,Combos,0
TXN000969,C0242,2024-12-06,608.67,Face Care,0
TXN001560,C0403,2025-09-13,497.55,Body Care,0
TXN000220,C0051,2025-01-17,570.5,Body Care,0
TXN001400,C0361,2025-07-10,773.58,Hair Care,0
TXN001870,C0487,2025-05-08,707.99,Hair Care,0
TXN000157,C0039,2024-11-22,560.14,Baby Care,0
TXN001392,C0360,2025-06-05,510.44,Face Care,0
TXN000913,C0229,2025-07-25,701.3,Hair Care,0
TXN001885,C0489,2025-08-25,583.18,Face Care,0
TXN000765,C0184,2025-09-28,749.01,Face Care,0
TXN000513,C0129,2026-04-20,990.47,Combos,0
TXN001898,C0497,2025-05-13,599.45,Face Care,0
TXN000195,C0046,2025-06-19,830.99,Combos,0
TXN000378,C0098,2025-09-12,251.02,Body Care,0
TXN000657,C0162,2025-11-17,753.07,Combos,0
TXN000246,C0059,2025-07-04,511.0,Hair Care,0
TXN001523,C0394,2025-11-10,960.59,Baby Care,0
TXN000480,C0119,2025-08-12,1134.09,Baby Care,0
TXN001873,C0487,2025-09-08,716.84,Combos,0
TXN001195,C0304,2025-03-12,262.02,Hair Care,0
TXN001454,C0376,2025-12-31,451.31,Baby Care,0
TXN000452,C0113,2025-11-04,777.88,Face Care,0
TXN001663,C0425,2025-12-21,552.69,Hair Care,0
TXN000837,C0202,2026-04-14,560.3,Face Care,0
TXN000983,C0244,2025-03-30,351.7,Body Care,0
TXN000772,C0186,2025-02-01,662.59,Baby Care,0
TXN001150,C0286,2025-03-28,775.57,Face Care,0
TXN001131,C0284,2025-04-14,674.97,Hair Care,0
TXN001800,C0466,2025-01-25,601.36,Baby Care,0
TXN000494,C0121,2025-08-16,840.51,Face Care,0
TXN001877,C0488,2025-09-25,414.97,Body Care,0
TXN000818,C0198,2025-08-01,613.73,Baby Care,0
TXN001334,C0346,2024-11-22,555.41,Hair Care,0
TXN000999,C0249,2025-05-11,737.36,Baby Care,0
TXN000584,C0148,2026-01-30,1662.33,Combos,0
TXN001077,C0269,2026-02-09,259.44,Body Care,0
TXN001072,C0268,2025-09-23,1846.81,Combos,0
TXN001810,C0470,2024-08-25,389.64,Body Care,0
TXN000375,C0097,2026-02-21,295.94,Hair Care,0
TXN000468,C0117,2024-12-03,599.41,Face Care,0
TXN000622,C0159,2025-03-19,1320.93,Combos,0
TXN000857,C0207,2025-10-30,445.36,Face Care,0
TXN001325,C0344,2026-01-10,822.34,Combos,0
TXN000735,C0178,2025-11-10,269.99,Body Care,0
TXN000762,C0183,2026-03-24,1454.77,Combos,1
TXN001490,C0388,2025-06-16,1301.63,Combos,0
TXN001313,C0343,2025-02-25,259.22,Hair Care,0
TXN001562,C0403,2025-11-24,735.42,Baby Care,0
TXN000186,C0044,2025-05-13,726.67,Hair Care,0
TXN001285,C0329,2025-10-01,543.22,Face Care,1
TXN000518,C0130,2026-04-09,1759.2,Combos,0
TXN000337,C0089,2026-01-26,428.78,Baby Care,0
TXN000460,C0114,2025-11-13,262.41,Hair Care,0
TXN000121,C0029,2025-08-23,1711.61,Combos,0
TXN000952,C0238,2025-04-03,745.6,Face Care,0
TXN001362,C0353,2024-08-18,378.72,Body Care,0
TXN001342,C0347,2025-08-09,854.65,Face Care,0
TXN000082,C0019,2025-11-24,616.54,Hair Care,0
TXN000495,C0121,2025-10-04,794.59,Baby Care,0
TXN000280,C0071,2025-02-03,649.64,Body Care,0
TXN000437,C0109,2026-05-24,1478.28,Combos,0
TXN000888,C0218,2025-02-26,285.61,Hair Care,0
TXN001825,C0476,2026-03-12,681.78,Baby Care,1
TXN001550,C0401,2025-10-24,408.53,Body Care,0
TXN001434,C0371,2025-10-16,997.56,Body Care,0
TXN000448,C0113,2025-05-14,454.83,Face Care,0
TXN001086,C0271,2025-04-11,285.52,Hair Care,0
TXN001136,C0284,2025-10-03,610.31,Hair Care,0
TXN001809,C0470,2024-07-27,606.33,Body Care,0
TXN000593,C0151,2025-12-06,457.97,Hair Care,0
TXN001042,C0259,2026-01-02,762.35,Combos,0
TXN000681,C0168,2025-05-29,466.49,Baby Care,1
TXN000727,C0177,2025-09-08,595.97,Face Care,0
TXN000935,C0234,2026-02-22,924.1,Body Care,0
TXN001693,C0433,2025-09-25,1062.76,Combos,0
TXN001284,C0328,2025-07-22,654.9,Baby Care,0
TXN000690,C0168,2026-04-17,530.93,Face Care,0
TXN001493,C0388,2025-10-24,348.11,Body Care,0
TXN000039,C0010,2025-01-30,1257.07,Baby Care,0
TXN001467,C0380,2026-06-01,488.3,Hair Care,0
TXN001255,C0320,2025-02-12,1142.56,Combos,0
TXN001886,C0489,2025-09-28,721.61,Face Care,0
TXN001098,C0272,2026-04-11,329.03,Baby Care,0
TXN001660,C0425,2025-09-12,688.29,Hair Care,1
TXN001704,C0437,2025-12-14,991.46,Body Care,0
TXN001669,C0427,2024-11-15,259.09,Hair Care,0
TXN001174,C0293,2026-05-14,950.21,Body Care,0
TXN001103,C0274,2025-01-23,1169.14,Baby Care,0
TXN000852,C0206,2026-02-26,627.33,Body Care,0
TXN001741,C0450,2026-06-12,415.46,Face Care,0
TXN001259,C0321,2026-01-22,697.7,Hair Care,0
TXN001096,C0272,2026-01-19,790.08,Body Care,0
TXN000741,C0179,2024-09-29,584.55,Baby Care,1
TXN000179,C0042,2025-08-22,274.46,Hair Care,0
TXN000560,C0142,2026-03-18,678.2,Combos,0
TXN000236,C0056,2026-03-31,1517.01,Combos,0
TXN001784,C0463,2025-01-17,787.95,Body Care,0
TXN001665,C0425,2026-03-01,906.47,Baby Care,0
TXN001315,C0344,2025-01-08,703.1,Body Care,0
TXN001689,C0432,2025-10-26,389.47,Baby Care,0
TXN000106,C0025,2025-04-17,672.7,Face Care,0
TXN001621,C0417,2025-10-17,812.84,Body Care,0
TXN001208,C0308,2025-08-10,1741.85,Combos,0
TXN000905,C0227,2025-07-02,1267.68,Combos,0
TXN000310,C0077,2025-10-04,762.84,Face Care,0
TXN000786,C0190,2025-11-12,834.14,Face Care,0
TXN001001,C0249,2025-08-03,989.36,Combos,0
TXN000535,C0136,2025-12-24,995.43,Baby Care,0
TXN001209,C0308,2025-09-12,616.81,Body Care,0
TXN000333,C0086,2026-02-06,678.28,Hair Care,0
TXN001261,C0321,2026-04-01,307.16,Hair Care,0
TXN000587,C0149,2024-09-25,1332.98,Combos,0
TXN000915,C0229,2025-10-09,1223.57,Combos,0
TXN000737,C0178,2026-01-13,550.03,Body Care,0
TXN001576,C0404,2026-02-14,1460.07,Combos,0
TXN001275,C0326,2025-01-06,368.93,Body Care,0
TXN001241,C0316,2026-02-20,647.67,Body Care,0
TXN000162,C0040,2025-10-23,809.88,Face Care,0
TXN000609,C0154,2026-06-19,500.86,Hair Care,0
TXN001355,C0351,2025-04-09,263.83,Body Care,0
TXN000029,C0008,2026-04-24,518.06,Body Care,0
TXN000451,C0113,2025-09-19,587.82,Hair Care,0
TXN000628,C0159,2025-10-20,1123.27,Combos,0
TXN000846,C0205,2025-04-13,1004.82,Baby Care,0
TXN001755,C0455,2026-03-25,1427.07,Combos,0
TXN000482,C0119,2025-11-09,450.69,Baby Care,0
TXN001772,C0460,2025-09-18,707.29,Combos,0
TXN000569,C0144,2025-11-17,259.58,Face Care,0
TXN001485,C0386,2024-08-20,599.72,Face Care,0
TXN001305,C0338,2026-03-31,921.13,Baby Care,0
TXN000314,C0079,2025-04-23,666.03,Hair Care,0
TXN001636,C0418,2025-11-20,727.94,Face Care,0
TXN001210,C0308,2025-10-17,223.19,Hair Care,0
TXN001157,C0286,2025-12-08,722.11,Combos,0
TXN000125,C0031,2024-12-25,1332.23,Combos,0
TXN000267,C0068,2024-11-21,887.29,Face Care,0
TXN001826,C0476,2026-04-07,440.14,Face Care,0
TXN000381,C0098,2026-01-16,437.28,Baby Care,0
TXN001754,C0455,2025-06-21,717.83,Body Care,0
TXN001841,C0481,2025-09-25,264.42,Face Care,0
TXN000398,C0101,2025-09-24,556.58,Body Care,0
TXN001559,C0403,2025-07-29,,Combos,0
TXN000007,C0004,2024-12-21,1486.38,Combos,0
TXN001199,C0304,2025-08-04,1668.43,Combos,0
TXN000011,C0004,2025-05-28,705.69,Hair Care,0
TXN001547,C0401,2025-07-08,712.32,Hair Care,0
TXN001411,C0366,2026-05-01,381.33,Face Care,0
TXN001189,C0300,2024-11-17,443.75,Body Care,0
TXN001180,C0294,2026-05-31,340.18,Hair Care,0
TXN001554,C0402,2025-02-15,572.17,Hair Care,0
TXN000975,C0242,2025-06-20,1463.46,Combos,0
TXN001308,C0340,2026-02-28,437.91,Body Care,0
TXN000711,C0172,2025-06-09,1297.45,Combos,0
TXN000355,C0093,2026-04-27,623.54,Hair Care,0
TXN000987,C0244,2025-08-28,888.69,Combos,0
TXN001791,C0463,2025-09-10,741.59,Body Care,0
TXN001509,C0389,2026-01-12,851.93,Body Care,0
TXN001361,C0352,2025-09-04,426.1,Hair Care,0
TXN000558,C0141,2025-12-17,1265.24,Combos,0
TXN000669,C0164,2026-05-17,399.5,Hair Care,1
TXN000141,C0034,2025-08-09,759.86,Baby Care,0
TXN001879,C0488,2025-11-16,830.64,Baby Care,0
TXN001037,C0257,2025-12-01,446.81,Baby Care,0
TXN001233,C0316,2025-04-24,496.14,Body Care,0
TXN001212,C0309,2025-12-12,899.35,Body Care,0
TXN000446,C0112,2025-08-16,1597.75,Combos,0
TXN001141,C0285,2025-07-17,983.3,Baby Care,0
TXN001577,C0404,2026-04-05,911.28,Body Care,0
TXN000454,C0113,2026-01-08,463.99,Body Care,1
TXN000330,C0085,2025-10-20,435.72,Hair Care,0
TXN001232,C0315,2026-06-27,530.09,Hair Care,0
TXN001437,C0373,2024-09-21,422.7,Hair Care,0
TXN000601,C0153,2025-08-24,296.63,Hair Care,0
TXN001753,C0455,2025-05-12,1834.98,Combos,0
TXN000956,C0239,2026-03-11,440.18,Body Care,0
TXN000160,C0040,2025-08-02,728.53,Face Care,0
TXN000868,C0209,2025-12-31,745.14,Hair Care,0
TXN001573,C0404,2025-10-30,603.93,Body Care,0
TXN000516,C0130,2026-01-30,445.6,Body Care,1
TXN000055,C0013,2025-08-31,834.26,Baby Care,0
TXN001444,C0375,2025-09-16,665.98,Body Care,0
TXN000145,C0036,2025-09-22,242.93,Hair Care,0
TXN001639,C0418,2026-03-26,618.88,Hair Care,0
TXN000755,C0182,2025-03-15,443.82,Body Care,0
TXN000522,C0131,2025-06-29,353.19,Baby Care,0
TXN000166,C0040,2026-03-15,765.55,Face Care,0
TXN001785,C0463,2025-02-24,991.18,Body Care,1
TXN000986,C0244,2025-07-23,476.68,Body Care,0
TXN000591,C0150,2026-05-02,1156.38,Combos,0
TXN000348,C0090,2026-02-25,768.55,Face Care,0
TXN000400,C0101,2025-11-28,327.38,Body Care,0
TXN000130,C0031,2025-07-15,315.7,Face Care,0
TXN000845,C0204,2025-11-04,610.0,Face Care,0
TXN000118,C0029,2025-04-07,821.03,Baby Care,0
TXN001176,C0294,2026-02-23,631.98,Body Care,0
TXN000958,C0239,2026-06-12,1641.58,Combos,0
TXN001288,C0329,2026-01-08,616.28,Face Care,0
TXN000329,C0085,2025-09-14,880.98,Baby Care,0
TXN000296,C0075,2025-09-01,1293.54,Combos,0
TXN001109,C0277,2026-03-09,628.17,Face Care,0
TXN000572,C0145,2025-04-18,780.59,Face Care,0
TXN001106,C0274,2025-05-23,289.35,Body Care,0
TXN000161,C0040,2025-09-04,328.96,Baby Care,0
TXN001183,C0297,2024-12-05,1620.35,Combos,1
TXN001620,C0417,2025-09-11,443.24,Face Care,0
TXN000231,C0055,2025-04-05,776.44,Combos,1
TXN001662,C0425,2025-11-02,279.6,Face Care,0
TXN000914,C0229,2025-08-31,541.01,Hair Care,0
TXN000255,C0061,2025-09-25,343.36,Hair Care,0
TXN001585,C0406,2025-03-17,325.07,Body Care,0
TXN000208,C0049,2025-02-08,1077.63,Baby Care,0
TXN000534,C0135,2026-05-28,381.53,Face Care,0
TXN000088,C0021,2026-06-11,428.73,Face Care,0
TXN000199,C0048,2025-08-31,1182.48,Baby Care,0
TXN000265,C0067,2025-06-13,821.22,Body Care,0
TXN001893,C0495,2026-02-27,330.26,Face Care,0
TXN000851,C0206,2026-01-14,261.17,Face Care,0
TXN000720,C0174,2025-06-12,520.54,Body Care,0
TXN000340,C0090,2025-06-07,1173.86,Combos,0
TXN001075,C0269,2025-11-30,528.03,Hair Care,0
TXN000066,C0015,2025-08-11,1594.8,Combos,0
TXN000744,C0179,2025-01-10,392.86,Hair Care,0
TXN001046,C0261,2024-12-17,439.28,Hair Care,0
TXN000388,C0099,2026-04-28,942.23,Body Care,0
TXN000664,C0164,2025-11-08,296.9,Face Care,0
TXN000380,C0098,2025-11-30,1782.86,Combos,0
TXN000944,C0236,2025-10-25,546.36,Baby Care,0
TXN000880,C0215,2025-12-08,1599.25,Combos,0
TXN001200,C0305,2025-11-22,655.34,Hair Care,0
TXN001093,C0272,2025-09-18,557.68,Face Care,0
TXN001041,C0259,2025-12-01,623.19,Face Care,0
TXN000110,C0026,2025-01-23,487.0,Baby Care,0
TXN000244,C0058,2026-06-20,892.51,Face Care,0
TXN000839,C0202,2026-06-24,849.26,Body Care,0
TXN000567,C0144,2025-09-29,711.6,Face Care,0
TXN000647,C0161,2025-04-09,924.84,Body Care,0
TXN001030,C0257,2025-03-03,1892.39,Combos,0
TXN000376,C0097,2026-03-18,1031.41,Combos,0
TXN000305,C0077,2025-03-30,856.04,Face Care,0
TXN000746,C0179,2025-03-20,543.58,Face Care,0
TXN000249,C0060,2024-11-20,740.35,Hair Care,0
TXN000379,C0098,2025-10-12,464.22,Face Care,0
TXN001594,C0409,2026-06-25,501.16,Face Care,1
TXN001151,C0286,2025-04-24,796.87,Combos,0
TXN001363,C0354,2024-12-25,885.51,Face Care,1
TXN001695,C0434,2025-11-21,312.13,Baby Care,0
TXN000093,C0022,2025-12-10,554.0,Face Care,0
TXN000702,C0169,2026-02-19,637.69,Hair Care,0
TXN000515,C0130,2025-12-11,1164.38,Combos,0
TXN000316,C0079,2025-06-26,410.81,Hair Care,0
TXN000131,C0031,2025-08-31,331.44,Hair Care,0
TXN001536,C0400,2025-01-18,306.55,Hair Care,0
TXN000570,C0144,2025-12-20,334.96,Body Care,0
TXN000544,C0140,2025-12-12,492.57,Hair Care,1
TXN001598,C0411,2026-04-13,393.6,Body Care,0
TXN000828,C0201,2026-01-13,756.71,Combos,0
TXN001844,C0481,2026-02-13,586.91,Baby Care,0
TXN000932,C0234,2025-11-15,816.21,Body Care,0
TXN000756,C0182,2025-04-30,285.46,Body Care,0
TXN001063,C0265,2026-05-06,441.71,Baby Care,0
TXN001177,C0294,2026-03-24,599.31,Body Care,0
TXN001599,C0411,2026-05-08,1714.5,Combos,0
TXN000129,C0031,2025-05-28,898.91,Body Care,0
TXN000147,C0036,2025-12-24,1833.96,Combos,0
TXN001053,C0264,2026-02-26,314.82,Face Care,0
TXN001128,C0284,2024-12-20,645.09,Hair Care,0
TXN000631,C0159,2026-01-30,646.45,Body Care,0
TXN001477,C0384,2025-11-06,388.83,Baby Care,0
TXN000034,C0009,2025-10-26,575.5,Body Care,0
TXN000797,C0194,2026-02-05,1536.17,Combos,0
TXN000319,C0079,2025-10-23,1847.62,Combos,0
TXN001303,C0336,2024-09-25,887.0,Baby Care,0
TXN001534,C0399,2025-09-25,535.79,Face Care,0
TXN000447,C0113,2025-03-28,873.17,Baby Care,0
TXN000076,C0017,2024-10-03,316.12,Baby Care,0
TXN000345,C0090,2025-12-01,988.04,Body Care,1
TXN000613,C0158,2025-07-20,1432.92,Combos,0
TXN000634,C0160,2024-12-28,1099.2,Baby Care,0
TXN000241,C0058,2026-02-06,733.32,Hair Care,0
TXN001003,C0249,2025-10-08,492.0,Hair Care,0
TXN001397,C0361,2025-04-09,865.77,Body Care,0
TXN001050,C0262,2025-12-31,656.31,Face Care,0
TXN001721,C0442,2026-05-26,609.83,Body Care,0
TXN001557,C0403,2025-05-12,335.77,Hair Care,0
TXN000240,C0057,2026-01-14,864.34,Baby Care,0
TXN000585,C0148,2026-03-15,280.47,Body Care,0
TXN001154,C0286,2025-08-18,987.83,Baby Care,0
TXN001081,C0270,2025-12-21,735.66,Hair Care,0
TXN000637,C0160,2025-04-13,519.08,Body Care,0
TXN000604,C0153,2026-05-11,785.11,Baby Care,0
TXN000015,C0004,2025-10-17,532.16,Face Care,0
TXN000902,C0227,2025-03-22,423.44,Body Care,0
TXN001518,C0393,2025-10-23,342.06,Face Care,0
TXN001415,C0367,2026-02-20,359.48,Body Care,0
TXN001548,C0401,2025-08-07,214.32,Hair Care,0
TXN001017,C0255,2026-05-08,545.46,Hair Care,0
TXN000539,C0138,2024-10-28,688.28,Face Care,0
TXN001888,C0491,2026-04-25,598.1,Body Care,0
TXN000922,C0233,2025-08-05,690.1,Body Care,0
TXN000749,C0181,2025-03-14,512.49,Baby Care,0
TXN001171,C0292,2026-04-27,408.83,Hair Care,0
TXN000178,C0042,2025-07-12,1611.2,Combos,0
TXN001231,C0315,2026-05-23,1622.41,Combos,0
TXN001272,C0325,2025-12-13,914.32,Body Care,1
TXN001737,C0449,2026-02-26,511.76,Face Care,0
TXN001336,C0346,2025-02-04,547.88,Body Care,0
TXN000992,C0246,2024-12-06,366.79,Body Care,0
TXN001726,C0446,2025-10-21,723.91,Hair Care,1
TXN000488,C0121,2024-12-30,687.59,Combos,1
TXN001505,C0389,2025-07-12,779.25,Baby Care,0
TXN001513,C0393,2025-04-21,504.69,Face Care,1
TXN001071,C0268,2025-08-21,543.78,Face Care,0
TXN000098,C0024,2025-08-27,494.59,Hair Care,0
TXN001328,C0345,2025-03-26,1036.11,Baby Care,0
TXN001320,C0344,2025-07-20,856.76,Combos,0
TXN000453,C0113,2025-12-08,516.08,Face Care,0
TXN000254,C0061,2025-08-14,412.75,Face Care,0
TXN000205,C0049,2024-11-04,1290.42,Baby Care,0
TXN000467,C0117,2024-10-25,541.65,Hair Care,0
TXN001290,C0329,2026-03-09,570.82,Hair Care,0
TXN000111,C0026,2025-09-22,960.86,Body Care,0
TXN001649,C0422,2026-05-01,1018.85,Combos,0
TXN001766,C0459,2025-12-29,896.56,Body Care,0
TXN000486,C0120,2025-09-06,1504.69,Combos,0
TXN000139,C0032,2026-05-27,729.29,Face Care,0
TXN001486,C0387,2026-01-15,793.49,Combos,0
TXN001018,C0255,2026-06-23,462.73,Baby Care,0
TXN000465,C0116,2026-04-13,879.83,Face Care,0
TXN001609,C0412,2025-06-05,367.71,Baby Care,0
TXN001265,C0323,2025-09-30,1136.15,Baby Care,0
TXN000745,C0179,2025-02-16,1143.24,Baby Care,0
TXN001347,C0348,2025-03-12,743.28,Body Care,0
TXN001126,C0283,2025-08-09,804.04,Combos,0
TXN001553,C0401,2026-02-17,531.05,Body Care,0
TXN001469,C0381,2025-01-23,395.74,Face Care,0
TXN001703,C0436,2025-01-11,268.95,Hair Care,0
TXN001139,C0285,2025-05-11,609.02,Body Care,0
TXN001314,C0344,2024-12-06,612.84,Body Care,0
TXN001449,C0376,2025-06-17,831.92,Face Care,0
TXN001749,C0453,2025-07-04,929.41,Combos,0
TXN000718,C0173,2025-04-21,880.08,Body Care,0
TXN000641,C0160,2025-08-12,731.23,Combos,0
TXN000619,C0158,2026-02-11,871.04,Face Care,0
TXN000042,C0010,2025-04-26,506.67,Hair Care,0
TXN001868,C0486,2024-12-28,354.4,Face Care,0
TXN000648,C0161,2025-05-15,255.87,Face Care,0
TXN000990,C0244,2025-12-14,672.26,Combos,0
TXN000083,C0020,2024-09-24,984.98,Body Care,0
TXN001748,C0452,2025-09-27,509.21,Hair Care,0
TXN001283,C0328,2025-06-07,1123.06,Baby Care,0
TXN000357,C0094,2025-09-20,,Combos,0
TXN000359,C0095,2026-02-10,659.16,Hair Care,0
TXN000694,C0169,2025-04-22,1216.17,Baby Care,0
TXN000568,C0144,2025-10-23,278.11,Face Care,0
TXN000198,C0047,2025-02-04,324.36,Hair Care,0
TXN000542,C0140,2025-09-09,1552.47,Combos,0
TXN000229,C0055,2025-01-22,605.45,Combos,0
TXN000954,C0239,2025-12-30,745.91,Face Care,0
TXN001590,C0408,2025-05-02,474.13,Body Care,0
TXN001054,C0264,2026-04-08,654.36,Combos,0
TXN000885,C0217,2026-04-06,557.91,Hair Care,0
TXN000709,C0171,2026-06-25,396.78,Body Care,0
TXN000114,C0027,2025-09-19,683.88,Combos,0
TXN001625,C0417,2026-03-09,925.27,Combos,0
TXN001896,C0496,2025-11-23,1482.68,Combos,0
TXN001289,C0329,2026-02-03,310.7,Hair Care,0
TXN001393,C0360,2025-07-21,557.47,Face Care,0
TXN000692,C0168,2026-06-30,867.98,Baby Care,0
TXN001856,C0484,2026-02-06,429.44,Body Care,0
TXN000565,C0143,2026-05-17,347.12,Face Care,0
TXN000153,C0039,2024-08-22,544.96,Body Care,0
TXN000271,C0068,2025-03-18,405.84,Hair Care,0
TXN000884,C0216,2024-12-24,557.96,Hair Care,0
TXN000966,C0241,2026-05-04,,Baby Care,0
TXN001659,C0425,2025-07-25,884.5,Body Care,0
TXN001153,C0286,2025-07-09,219.21,Hair Care,0
TXN000171,C0042,2024-09-16,425.74,Hair Care,0
TXN000282,C0071,2025-04-17,582.44,Hair Care,0
TXN000971,C0242,2025-01-25,249.41,Face Care,1
TXN001774,C0460,2025-12-12,483.39,Hair Care,0
TXN001834,C0480,2024-08-28,330.95,Baby Care,0
TXN001462,C0380,2025-11-25,545.0,Baby Care,0
TXN001404,C0362,2026-01-16,535.85,Hair Care,0
TXN001479,C0384,2026-01-06,336.04,Baby Care,0
TXN001059,C0265,2025-12-18,968.17,Body Care,0
TXN001521,C0393,2026-01-30,1443.05,Combos,0
TXN000743,C0179,2024-11-27,712.8,Combos,0
TXN000708,C0171,2026-05-23,720.6,Combos,0
TXN001578,C0404,2026-05-23,432.77,Face Care,0
TXN001410,C0365,2026-01-29,858.0,Face Care,0
TXN000937,C0235,2025-10-09,249.53,Face Care,0
TXN001280,C0328,2025-02-20,735.88,Hair Care,0
TXN000504,C0125,2026-05-19,771.36,Body Care,0
TXN000230,C0055,2025-02-22,597.44,Baby Care,0
TXN001822,C0476,2025-12-11,418.37,Hair Care,0
TXN000769,C0185,2026-05-20,405.38,Hair Care,0
TXN001591,C0408,2025-11-20,785.35,Body Care,0
TXN000704,C0171,2026-01-09,331.93,Face Care,0
TXN000701,C0169,2026-01-17,234.5,Hair Care,0
TXN000272,C0068,2025-04-29,550.77,Face Care,0
TXN000840,C0203,2025-07-14,577.14,Baby Care,0
TXN000476,C0119,2025-03-07,305.22,Hair Care,0
TXN001414,C0367,2026-01-26,1023.12,Combos,0
TXN001332,C0346,2024-08-21,586.67,Hair Care,0
TXN001395,C0360,2025-10-01,493.32,Hair Care,0
TXN000784,C0190,2025-03-14,306.18,Hair Care,0
TXN000215,C0049,2025-10-24,1219.55,Combos,0
TXN001292,C0329,2026-05-05,322.77,Hair Care,1
TXN000097,C0024,2025-07-08,252.96,Body Care,0
TXN001713,C0440,2026-01-16,439.11,Baby Care,0
TXN000190,C0045,2026-01-19,370.28,Face Care,0
TXN001817,C0476,2025-05-14,856.25,Face Care,0
TXN000024,C0007,2025-08-05,672.73,Hair Care,0
TXN000352,C0092,2026-04-21,452.84,Hair Care,0
TXN000861,C0207,2026-03-27,318.38,Hair Care,0
TXN001378,C0357,2025-02-15,468.35,Face Care,1
TXN001101,C0273,2025-12-13,381.73,Face Care,0
TXN001522,C0394,2025-10-01,335.48,Face Care,0
TXN001028,C0257,2025-01-04,1214.9,Baby Care,0
TXN001796,C0465,2025-03-10,800.47,Face Care,0
TXN001253,C0319,2026-04-15,700.05,Face Care,0
TXN000040,C0010,2025-03-01,813.96,Face Care,0
TXN001607,C0412,2025-03-27,982.29,Baby Care,0
TXN000113,C0027,2025-08-10,369.07,Hair Care,0
TXN000360,C0095,2026-03-28,381.71,Body Care,0
TXN000573,C0146,2025-10-17,737.64,Hair Care,0
TXN000344,C0090,2025-11-04,381.73,Hair Care,0
TXN001339,C0347,2025-04-22,884.49,Combos,0
TXN000432,C0109,2025-11-17,550.25,Face Care,0
TXN000065,C0015,2025-07-14,1264.14,Baby Care,0
TXN000030,C0008,2026-06-10,562.48,Body Care,0
TXN001779,C0461,2026-04-11,1137.33,Baby Care,0
TXN001448,C0376,2025-05-23,709.03,Combos,0
TXN001405,C0363,2025-01-12,551.84,Face Care,0
TXN000703,C0170,2025-03-10,876.27,Baby Care,0
TXN000749,C0181,2025-03-14,512.49,Baby Care,0
TXN000920,C0232,2025-09-21,830.9,Baby Care,0
TXN000354,C0093,2026-04-01,586.91,Baby Care,0
TXN001842,C0481,2025-11-11,541.58,Baby Care,0
TXN000979,C0242,2025-11-17,279.94,Face Care,0
TXN000277,C0069,2024-10-20,720.89,Face Care,0
TXN001494,C0388,2025-12-02,562.65,Baby Care,1
TXN001423,C0369,2025-04-09,633.01,Baby Care,0
TXN000146,C0036,2025-11-08,358.68,Hair Care,0
TXN000502,C0123,2026-03-17,702.84,Hair Care,0
TXN000573,C0146,2025-10-17,737.64,Hair Care,0
TXN001697,C0434,2026-02-04,397.15,Face Care,0
TXN000458,C0113,2026-06-03,292.55,Face Care,0
TXN000479,C0119,2025-07-05,385.29,Body Care,0
TXN001646,C0420,2025-02-07,729.34,Hair Care,0
TXN001774,C0460,2025-12-12,483.39,Hair Care,0
TXN001294,C0330,2025-03-05,322.79,Face Care,0
TXN001004,C0249,2025-11-05,882.11,Combos,0
TXN001304,C0337,2026-04-20,1606.34,Combos,0
TXN000618,C0158,2026-01-17,302.16,Body Care,0
TXN000777,C0188,2024-11-21,342.51,Body Care,0
TXN000997,C0247,2025-11-12,1706.18,Combos,1
TXN001321,C0344,2025-08-19,1365.44,Combos,0
TXN001592,C0409,2026-04-21,782.75,Combos,0
TXN000469,C0117,2025-01-14,521.21,Face Care,0
TXN000053,C0011,2025-03-13,929.38,Combos,0
TXN001497,C0389,2024-10-13,600.55,Face Care,0
TXN001378,C0357,2025-02-15,468.35,Face Care,1
TXN001529,C0395,2026-01-08,1631.46,Combos,0
TXN000475,C0119,2025-01-24,1149.58,Combos,0
TXN001368,C0355,2025-11-13,439.84,Face Care,0
TXN001811,C0470,2024-12-24,475.25,Body Care,0
TXN001382,C0358,2025-06-01,932.42,Body Care,0
TXN001129,C0284,2025-01-18,482.53,Face Care,0
TXN000611,C0156,2025-10-03,429.28,Body Care,0
TXN001570,C0404,2025-07-02,468.47,Baby Care,0
TXN000739,C0179,2024-07-24,538.99,Body Care,0
TXN000370,C0097,2025-08-09,848.55,Body Care,0
TXN000062,C0015,2025-03-17,415.86,Hair Care,0
TXN000819,C0198,2025-09-13,980.29,Body Care,0
TXN001524,C0394,2025-12-25,1836.37,Combos,1
TXN000964,C0241,2026-03-06,278.31,Body Care,0
TXN001110,C0278,2024-09-10,711.77,Body Care,0
TXN001881,C0488,2026-01-13,910.17,Combos,0
TXN001664,C0425,2026-01-22,363.94,Hair Care,0
TXN001617,C0416,2026-04-19,727.48,Body Care,0
TXN000365,C0097,2025-01-12,969.26,Body Care,0
TXN001381,C0358,2025-04-24,1811.92,Combos,0
TXN001567,C0403,2026-05-16,914.03,Body Care,0
TXN000346,C0090,2025-12-26,276.87,Face Care,0
TXN000708,C0171,2026-05-23,720.6,Combos,0
TXN001671,C0428,2025-03-08,1220.97,Combos,0
TXN001688,C0432,2025-09-26,941.53,Baby Care,0
TXN001372,C0355,2026-04-22,815.26,Body Care,0
TXN001147,C0285,2026-03-09,557.34,Body Care,0
TXN001039,C0259,2025-09-29,969.89,Body Care,1
TXN001752,C0455,2025-03-28,394.0,Body Care,0
TXN000665,C0164,2025-12-11,754.89,Face Care,0
TXN000930,C0233,2026-05-25,753.94,Hair Care,0
TXN000673,C0166,2026-04-03,1155.01,Baby Care,0
TXN001076,C0269,2026-01-05,638.38,Hair Care,0
TXN001160,C0286,2026-03-12,964.56,Baby Care,0
TXN000625,C0159,2025-07-09,1802.4,Combos,0
TXN000824,C0200,2025-06-29,913.08,Baby Care,0
TXN001571,C0404,2025-08-16,383.81,Baby Care,0
TXN001855,C0484,2025-12-30,494.22,Face Care,0
TXN001504,C0389,2025-06-09,558.43,Face Care,0
TXN000792,C0191,2025-03-26,420.93,Body Care,0
TXN000163,C0040,2025-11-22,704.38,Combos,0
TXN000250,C0060,2025-07-28,442.74,Hair Care,0
TXN000298,C0075,2025-11-04,734.31,Hair Care,1
TXN000624,C0159,2025-05-22,876.25,Body Care,0
TXN000521,C0131,2025-05-18,711.57,Hair Care,0
TXN000005,C0003,2025-10-05,876.04,Baby Care,0
TXN000483,C0119,2025-12-14,499.86,Face Care,0
TXN001204,C0306,2025-09-23,556.16,Face Care,0
TXN001367,C0355,2025-10-06,286.43,Body Care,0
TXN000485,C0119,2026-02-24,575.65,Face Care,0
TXN001227,C0314,2025-04-05,1884.91,Combos,0
TXN001149,C0285,2026-05-24,572.96,Body Care,0
TXN000996,C0246,2025-11-04,788.25,Baby Care,0
TXN000882,C0215,2026-05-17,617.13,Hair Care,0
TXN000031,C0009,2025-06-25,360.54,Body Care,0
TXN000158,C0039,2025-06-30,886.68,Body Care,0
TXN001407,C0363,2025-08-23,472.43,Face Care,0
TXN000321,C0080,2024-10-11,1021.42,Baby Care,0
TXN000531,C0134,2024-12-17,1373.18,Combos,0
TXN000307,C0077,2025-06-05,1290.86,Combos,0
TXN000850,C0206,2025-12-14,385.02,Hair Care,0
TXN001144,C0285,2025-10-27,628.73,Baby Care,0
TXN001725,C0445,2025-01-06,1194.38,Combos,0
TXN001401,C0361,2025-08-18,322.42,Face Care,0
TXN001402,C0361,2026-04-13,895.02,Face Care,0
TXN000853,C0206,2026-04-04,1679.55,Combos,1
TXN001251,C0318,2026-05-09,790.53,Body Care,0
TXN000876,C0214,2024-12-22,364.56,Body Care,0
TXN000164,C0040,2026-01-11,534.34,Face Care,0
TXN000646,C0161,2025-03-10,797.93,Hair Care,0
TXN000955,C0239,2026-01-24,604.0,Combos,0
TXN000561,C0142,2026-04-25,701.51,Hair Care,0
TXN001540,C0400,2025-06-23,1021.68,Baby Care,0
TXN000362,C0095,2026-06-08,350.75,Body Care,0
TXN000678,C0167,2026-05-06,1195.38,Baby Care,0
TXN001248,C0318,2026-01-17,485.94,Hair Care,0
TXN001658,C0425,2025-06-14,349.55,Face Care,0
TXN001473,C0382,2026-03-10,1145.63,Baby Care,0
TXN000576,C0148,2025-04-11,1131.06,Baby Care,0
TXN000304,C0076,2026-06-18,736.12,Hair Care,0
TXN000806,C0196,2025-02-14,1407.13,Combos,0
TXN000921,C0233,2025-06-17,307.53,Face Care,0
TXN001711,C0438,2026-06-23,339.22,Body Care,0
TXN001808,C0469,2026-06-18,616.11,Baby Care,0
TXN000894,C0222,2025-08-22,1488.66,Combos,0
TXN001823,C0476,2026-01-09,467.95,Hair Care,0
TXN001277,C0326,2025-03-17,816.17,Body Care,0
TXN000204,C0048,2026-05-26,890.11,Body Care,0
TXN000527,C0133,2024-12-04,309.0,Face Care,0
TXN000895,C0222,2025-09-21,671.81,Hair Care,0
TXN000363,C0096,2024-11-25,581.1,Face Care,0
TXN000429,C0109,2025-07-23,370.41,Body Care,0
TXN000843,C0204,2025-08-22,1157.47,Baby Care,0
TXN000679,C0167,2026-06-14,1053.24,Baby Care,0
TXN001747,C0452,2025-08-22,544.53,Hair Care,0
TXN001632,C0418,2025-06-29,319.88,Hair Care,0
TXN001574,C0404,2025-12-07,564.19,Body Care,0
TXN000440,C0111,2025-10-12,1137.33,Baby Care,0
TXN000672,C0166,2026-02-28,1512.19,Combos,0
TXN001563,C0403,2025-12-25,,Combos,0
TXN001190,C0301,2025-05-20,367.13,Face Care,0
TXN000068,C0015,2025-10-28,478.61,Face Care,0
TXN001356,C0352,2025-02-11,996.33,Baby Care,1
TXN000339,C0089,2026-04-17,561.06,Body Care,0
TXN001366,C0355,2025-09-03,627.01,Face Care,0
TXN001678,C0428,2025-12-09,1381.26,Combos,0
TXN001849,C0482,2026-02-08,1542.0,Combos,0
TXN001746,C0452,2025-07-22,323.02,Face Care,0
TXN001092,C0272,2025-08-18,681.57,Baby Care,0
TXN000662,C0162,2026-05-05,1041.61,Combos,1
TXN001052,C0264,2026-01-12,549.87,Hair Care,0
TXN000214,C0049,2025-09-17,971.89,Combos,0
TXN000808,C0196,2025-05-04,502.02,Baby Care,0
TXN000505,C0125,2026-06-24,674.42,Body Care,0
TXN001735,C0449,2025-12-07,865.48,Body Care,0
TXN000556,C0141,2025-09-19,738.3,Combos,0
TXN000390,C0100,2026-03-07,1015.95,Combos,0
TXN000738,C0178,2026-02-10,1245.99,Baby Care,0
TXN001083,C0270,2026-02-22,285.79,Face Care,0
TXN000262,C0067,2025-03-02,229.18,Hair Care,0
TXN000508,C0128,2025-07-22,915.87,Body Care,1
TXN000931,C0234,2025-10-21,287.77,Face Care,0
TXN000796,C0194,2026-01-14,727.27,Baby Care,1
TXN000695,C0169,2025-06-08,1714.5,Combos,0
TXN001273,C0326,2024-10-25,324.21,Hair Care,0
TXN000923,C0233,2025-09-17,724.5,Combos,0
TXN001878,C0488,2025-10-21,271.67,Hair Care,0
TXN000612,C0157,2024-07-27,1800.45,Combos,0
TXN001681,C0430,2025-02-01,679.88,Body Care,0
TXN000401,C0101,2026-01-11,539.22,Face Care,0
TXN000313,C0079,2025-03-12,268.91,Face Care,0
TXN001374,C0356,2024-09-26,1341.63,Combos,0
TXN001716,C0442,2025-10-28,582.62,Hair Care,0
TXN001555,C0403,2025-02-14,227.04,Hair Care,0
TXN000827,C0201,2025-12-10,383.43,Hair Care,0
TXN000095,C0023,2025-11-28,1509.91,Combos,0
TXN001676,C0428,2025-09-12,1149.83,Baby Care,0
TXN000801,C0195,2026-05-20,860.52,Face Care,0
TXN000906,C0227,2025-07-25,321.86,Hair Care,0
TXN001531,C0396,2026-05-21,384.76,Hair Care,0
TXN001526,C0394,2026-03-18,329.83,Face Care,1
TXN000829,C0201,2026-02-14,914.2,Combos,0
TXN001173,C0293,2026-04-06,435.54,Hair Care,0
TXN000026,C0008,2025-12-24,237.97,Hair Care,0
TXN000296,C0075,2025-09-01,1293.54,Combos,0
TXN001847,C0481,2026-06-22,796.72,Baby Care,0
TXN000883,C0216,2024-08-18,544.37,Face Care,1
TXN001222,C0313,2025-01-18,1147.53,Baby Care,0
TXN000968,C0242,2024-10-19,907.05,Combos,0
TXN001238,C0316,2025-10-21,721.85,Baby Care,0
TXN000245,C0059,2025-05-17,379.44,Body Care,0
TXN000373,C0097,2025-12-05,863.14,Combos,0
TXN000463,C0116,2025-10-25,303.28,Face Care,0
TXN001832,C0478,2025-02-24,530.33,Hair Care,0
TXN001803,C0468,2025-01-13,1086.2,Baby Care,0
TXN001067,C0266,2026-04-10,,Combos,0
TXN001902,C0498,2024-11-08,1071.91,Baby Care,0
TXN001482,C0384,2026-05-17,1109.12,Combos,0
TXN000434,C0109,2026-01-22,777.45,Face Care,0
TXN000728,C0177,2025-10-24,726.51,Combos,0
TXN000667,C0164,2026-02-21,541.17,Hair Care,0
TXN000395,C0101,2025-05-16,993.13,Body Care,0
TXN000927,C0233,2026-01-22,525.38,Hair Care,0
TXN001863,C0485,2026-05-18,343.23,Hair Care,0
TXN001836,C0480,2024-11-11,706.95,Face Care,0
TXN000268,C0068,2024-12-18,321.74,Baby Care,0
TXN000832,C0201,2026-06-12,821.74,Combos,0
TXN001653,C0423,2024-12-10,674.5,Combos,0
TXN001572,C0404,2025-10-05,1026.92,Baby Care,0
TXN000021,C0006,2025-06-21,250.36,Face Care,0
TXN000201,C0048,2025-11-18,1205.39,Combos,0
TXN001872,C0487,2025-07-26,1164.61,Combos,0
TXN000511,C0129,2026-01-21,259.0,Hair Care,0
TXN001558,C0403,2025-06-15,326.45,Hair Care,0
TXN001297,C0332,2026-03-18,1148.8,Baby Care,0
TXN001499,C0389,2024-12-15,532.93,Body Care,0
TXN001266,C0324,2024-09-17,,Face Care,0
TXN000908,C0228,2025-03-02,709.3,Hair Care,0
TXN000173,C0042,2024-12-01,446.78,Hair Care,0
TXN000394,C0101,2025-04-03,233.01,Hair Care,0
TXN001459,C0380,2025-07-17,1119.88,Combos,0
TXN000575,C0148,2025-02-27,315.99,Hair Care,0
TXN001082,C0270,2026-01-26,595.37,Body Care,1
TXN000122,C0029,2025-09-22,982.09,Body Care,1
TXN000841,C0204,2025-06-06,538.94,Hair Care,0
TXN000216,C0050,2025-02-18,763.96,Hair Care,0
TXN000620,C0158,2026-03-28,819.22,Face Care,0
TXN000418,C0105,2024-11-08,568.65,Body Care,0
TXN001161,C0286,2026-04-07,551.02,Face Care,0
TXN001507,C0389,2025-10-11,437.03,Face Care,0
TXN000466,C0117,2024-09-07,959.1,Body Care,0
TXN000332,C0085,2025-12-17,918.38,Baby Care,0
TXN000372,C0097,2025-10-23,952.32,Baby Care,0
TXN000306,C0077,2025-04-26,681.53,Combos,0
TXN000706,C0171,2026-03-23,1149.49,Baby Care,0
TXN001769,C0460,2025-05-20,504.64,Face Care,0
TXN000048,C0011,2024-09-03,1310.26,Combos,0
TXN000351,C0091,2026-04-14,1400.98,Combos,0
TXN000564,C0143,2026-04-09,554.44,Hair Care,0
TXN001843,C0481,2025-12-30,670.99,Hair Care,0
TXN001604,C0412,2024-12-09,513.05,Body Care,0
TXN001264,C0322,2026-01-18,755.63,Face Care,0
TXN001647,C0421,2025-03-25,486.27,Body Care,0
TXN001359,C0352,2025-06-17,499.59,Hair Care,0
TXN001642,C0419,2025-05-09,793.46,Combos,0
TXN001537,C0400,2025-03-02,606.59,Baby Care,0
TXN000209,C0049,2025-03-24,1800.62,Combos,0
TXN000253,C0061,2025-07-10,658.89,Hair Care,0
TXN000037,C0009,2026-02-15,795.73,Face Care,0
TXN001371,C0355,2026-03-07,441.31,Body Care,0
TXN001267,C0325,2025-06-01,216.75,Hair Care,0
TXN000035,C0009,2025-12-11,1547.19,Combos,0
TXN000478,C0119,2025-05-21,684.78,Body Care,0
TXN001543,C0400,2025-10-11,912.88,Body Care,0
TXN000949,C0237,2026-02-12,1098.81,Combos,0
TXN000716,C0172,2025-12-10,652.06,Face Care,0
TXN001007,C0252,2025-10-21,,Hair Care,0
TXN001412,C0367,2025-11-15,368.5,Body Care,0
TXN000371,C0097,2025-09-23,535.27,Baby Care,0
TXN001788,C0463,2025-05-30,509.88,Face Care,0
TXN000537,C0137,2026-04-08,826.28,Combos,0
TXN001122,C0282,2026-02-11,342.61,Baby Care,0
TXN001501,C0389,2025-02-27,593.88,Hair Care,0
TXN001340,C0347,2025-06-05,279.68,Hair Care,0
TXN000740,C0179,2024-08-30,529.09,Face Care,0
TXN001792,C0463,2025-10-22,431.94,Face Care,0
TXN001269,C0325,2025-08-13,450.48,Body Care,0
TXN000878,C0215,2025-09-29,817.69,Body Care,0
TXN001158,C0286,2026-01-19,406.18,Baby Care,0
TXN001221,C0312,2026-06-14,345.42,Baby Care,0
TXN000165,C0040,2026-02-06,632.59,Combos,0
TXN000375,C0097,2026-02-21,295.94,Hair Care,0
TXN000191,C0045,2026-02-24,842.47,Baby Care,0
TXN000719,C0174,2025-05-07,619.26,Hair Care,0
TXN000812,C0196,2025-10-11,785.29,Baby Care,0
TXN001624,C0417,2026-02-07,657.7,Combos,0
TXN001287,C0329,2025-12-14,883.87,Body Care,1
TXN000144,C0035,2024-08-18,334.13,Baby Care,0
TXN000386,C0099,2026-01-29,510.98,Body Care,0
TXN000989,C0244,2025-10-28,632.02,Baby Care,0
TXN000676,C0167,2026-03-15,541.98,Baby Care,0
TXN001295,C0331,2025-12-08,395.92,Face Care,0
TXN000224,C0053,2026-01-09,457.25,Face Care,0
TXN001871,C0487,2025-06-27,514.22,Hair Care,0
TXN001159,C0286,2026-02-15,670.78,Hair Care,0
TXN000596,C0152,2026-01-13,1233.52,Baby Care,0
TXN000149,C0036,2026-03-19,879.26,Combos,0
TXN000061,C0015,2025-02-14,970.81,Baby Care,0
TXN000650,C0161,2025-08-18,742.9,Hair Care,0
TXN001130,C0284,2025-03-08,200.19,Hair Care,1
TXN001535,C0399,2026-05-03,855.72,Body Care,0
TXN001696,C0434,2026-01-01,511.92,Face Care,0
TXN000052,C0011,2025-02-09,599.28,Baby Care,0
TXN001391,C0360,2025-05-10,271.3,Body Care,0
TXN000779,C0188,2025-02-01,875.38,Face Care,0
TXN001016,C0255,2026-03-29,321.91,Face Care,0
TXN000661,C0162,2026-03-30,1065.93,Combos,0
TXN000889,C0219,2026-05-21,890.1,Baby Care,0
TXN001891,C0494,2026-05-30,684.55,Face Care,0
TXN000953,C0238,2026-01-11,538.28,Face Care,0
TXN000984,C0244,2025-04-29,273.93,Hair Care,1
TXN000977,C0242,2025-08-23,594.03,Face Care,0
TXN000700,C0169,2025-12-19,764.7,Combos,0
TXN000663,C0163,2025-03-08,1821.74,Combos,1
TXN000278,C0070,2025-09-03,469.51,Body Care,1
TXN000218,C0050,2025-09-05,701.02,Face Care,0
TXN001463,C0380,2026-01-02,324.38,Body Care,0
TXN000652,C0162,2025-05-01,746.24,Face Care,0
TXN001648,C0422,2026-03-23,685.21,Face Care,0
TXN001819,C0476,2025-08-07,702.38,Body Care,0
TXN001827,C0476,2026-05-05,202.06,Hair Care,0
TXN001684,C0431,2026-06-06,720.16,Hair Care,0
TXN001102,C0274,2024-12-21,620.71,Body Care,0
TXN000384,C0098,2026-04-21,843.97,Combos,1
TXN000347,C0090,2026-01-27,1440.54,Combos,0
TXN000666,C0164,2026-01-21,993.39,Baby Care,0
TXN001777,C0460,2026-03-29,872.84,Baby Care,0
TXN001719,C0442,2026-02-23,362.55,Baby Care,0
TXN000814,C0196,2025-12-19,340.18,Face Care,0
TXN001610,C0412,2025-07-09,342.42,Face Care,0
TXN001734,C0449,2025-11-08,513.25,Face Care,0
TXN000023,C0006,2026-02-10,274.31,Face Care,0
TXN001117,C0281,2024-11-02,666.0,Body Care,0
TXN001631,C0418,2025-05-12,802.36,Body Care,0
TXN000910,C0229,2025-03-31,656.58,Body Care,0
TXN001708,C0437,2026-04-23,650.5,Combos,0
TXN001134,C0284,2025-08-05,513.03,Face Care,1
TXN000871,C0212,2025-02-17,544.24,Face Care,0
TXN000377,C0097,2026-05-06,707.41,Body Care,0
TXN000326,C0083,2025-03-15,828.75,Body Care,0
TXN000353,C0092,2026-06-08,,Baby Care,0
TXN000823,C0200,2025-06-02,754.82,Body Care,0
TXN000942,C0236,2025-08-15,523.62,Face Care,0
TXN001376,C0357,2024-12-02,702.38,Face Care,0
TXN001685,C0432,2025-06-19,1782.02,Combos,0
TXN000180,C0043,2025-01-12,827.63,Face Care,0
TXN001193,C0304,2024-12-14,355.71,Body Care,0
TXN000733,C0177,2026-05-05,830.63,Baby Care,0
TXN001229,C0314,2025-06-29,,Hair Care,0
TXN001116,C0281,2024-09-30,1031.51,Baby Care,0
TXN000886,C0217,2026-05-04,325.52,Body Care,0
TXN000484,C0119,2026-01-26,694.31,Hair Care,0
TXN000838,C0202,2026-05-20,371.24,Hair Care,0
TXN001419,C0369,2024-11-02,642.02,Combos,0
TXN001112,C0278,2025-03-12,701.01,Body Care,0
TXN001088,C0271,2025-06-12,1164.55,Baby Care,0
TXN001566,C0403,2026-04-19,586.05,Body Care,0
TXN000816,C0198,2025-05-14,861.16,Body Care,0
TXN001254,C0319,2026-05-18,474.45,Face Care,1
TXN001388,C0360,2025-01-22,797.5,Face Care,0
TXN001527,C0394,2026-05-04,1372.82,Combos,0
TXN000202,C0048,2025-12-09,1867.27,Combos,0
TXN001491,C0388,2025-07-30,389.54,Baby Care,0
TXN001640,C0418,2026-05-08,593.32,Hair Care,0
TXN000995,C0246,2025-03-08,438.94,Baby Care,0
TXN001645,C0420,2024-09-26,591.26,Hair Care,0
TXN000213,C0049,2025-08-03,902.69,Baby Care,0
TXN000059,C0015,2024-12-05,308.76,Body Care,0
TXN001781,C0462,2024-12-31,557.71,Hair Care,0
TXN000836,C0202,2026-02-24,235.72,Hair Care,0
TXN000972,C0242,2025-03-03,325.37,Body Care,0
TXN000477,C0119,2025-04-23,1324.64,Combos,0
TXN001541,C0400,2025-07-20,1427.39,Combos,0
TXN000287,C0072,2025-04-10,707.43,Baby Care,0
TXN000632,C0160,2024-10-26,394.32,Body Care,0
TXN000256,C0062,2026-06-11,804.51,Face Care,0
TXN001143,C0285,2025-09-10,391.47,Baby Care,0
TXN001519,C0393,2025-11-27,612.14,Hair Care,0
TXN000286,C0072,2025-02-27,914.94,Combos,0
TXN001271,C0325,2025-11-12,848.03,Face Care,0
TXN001032,C0257,2025-05-21,885.69,Body Care,0
TXN000918,C0230,2026-06-10,266.08,Hair Care,0
TXN001602,C0412,2024-09-24,762.29,Body Care,0
TXN001019,C0256,2024-09-12,589.33,Hair Care,0
TXN000887,C0217,2026-06-10,548.77,Baby Care,0
TXN001837,C0480,2024-12-01,493.24,Baby Care,0
TXN000501,C0123,2026-02-17,378.62,Baby Care,0
TXN000435,C0109,2026-02-24,474.18,Body Care,0
TXN001124,C0282,2026-05-02,704.95,Body Care,0
TXN001530,C0395,2026-02-16,288.25,Body Care,0
TXN000075,C0017,2024-08-21,738.98,Hair Care,1
TXN001365,C0355,2025-07-15,533.46,Baby Care,0
TXN000151,C0037,2025-11-15,442.49,Hair Care,0
TXN001203,C0305,2026-02-18,299.08,Face Care,0
TXN000712,C0172,2025-07-04,793.4,Hair Care,0
TXN001220,C0312,2026-05-14,,Body Care,0
TXN000938,C0235,2025-11-14,319.68,Hair Care,0
TXN000526,C0132,2025-11-06,912.27,Baby Care,0
TXN001358,C0352,2025-05-13,375.16,Body Care,0
TXN000621,C0158,2026-05-14,998.13,Baby Care,0
TXN001327,C0345,2025-02-10,1611.59,Combos,0
TXN001329,C0345,2025-04-20,805.73,Combos,0
TXN001512,C0392,2025-08-08,1778.38,Combos,1
TXN001820,C0476,2025-09-20,787.7,Hair Care,1
TXN000879,C0215,2025-11-04,767.29,Hair Care,0
TXN001824,C0476,2026-02-15,348.95,Body Care,0
TXN001445,C0375,2025-10-30,422.3,Hair Care,0
TXN000169,C0041,2025-11-27,800.42,Baby Care,0
TXN001049,C0262,2025-11-19,324.39,Hair Care,0
TXN000051,C0011,2025-01-01,899.23,Combos,0
TXN001897,C0497,2025-04-08,400.18,Hair Care,0
TXN000349,C0090,2026-03-22,638.93,Baby Care,1
TXN000807,C0196,2025-03-18,763.42,Hair Care,0
TXN001882,C0489,2025-04-30,679.33,Combos,0
TXN001298,C0332,2026-04-25,203.35,Hair Care,0
TXN000182,C0043,2025-03-16,909.34,Body Care,0
TXN000870,C0211,2024-10-02,757.45,Baby Care,0
TXN000855,C0206,2026-06-21,813.95,Body Care,0
TXN001223,C0313,2025-02-26,1724.41,Combos,0
TXN001318,C0344,2025-05-10,632.96,Face Care,0
TXN001605,C0412,2025-01-18,454.95,Body Care,1
TXN001263,C0321,2026-06-24,950.25,Baby Care,0
TXN001812,C0471,2024-11-25,468.32,Baby Care,0
TXN000104,C0025,2025-01-28,797.89,Hair Care,0
TXN000369,C0097,2025-06-22,643.6,Hair Care,0
TXN001114,C0280,2024-10-23,1466.64,Combos,0
TXN001876,C0488,2025-08-31,535.84,Body Care,0
TXN000133,C0031,2025-10-29,1755.74,Combos,0
TXN001426,C0369,2025-08-15,623.14,Combos,0
TXN001714,C0441,2024-11-08,492.77,Hair Care,0
TXN000473,C0119,2024-10-30,747.44,Body Care,0
TXN001079,C0270,2025-10-19,370.09,Face Care,0
TXN000356,C0094,2025-08-22,,Combos,0
TXN000092,C0022,2025-11-05,,Face Care,0
TXN001089,C0271,2025-07-12,377.13,Baby Care,0
TXN000635,C0160,2025-02-11,704.89,Baby Care,0
TXN000008,C0004,2025-01-22,687.96,Hair Care,0
TXN001350,C0349,2025-05-25,510.72,Body Care,0
TXN001565,C0403,2026-03-21,993.67,Body Care,0
TXN000909,C0228,2025-08-03,1048.18,Baby Care,0
TXN001133,C0284,2025-07-03,1597.55,Combos,0
TXN000136,C0031,2026-02-26,851.05,Face Care,0
TXN001710,C0438,2026-05-21,709.7,Body Care,0
TXN001650,C0422,2026-06-09,621.3,Body Care,0
TXN001219,C0311,2025-01-02,252.67,Hair Care,0
TXN001078,C0269,2026-03-01,615.19,Combos,0
TXN000108,C0026,2024-11-24,1276.25,Baby Care,0
TXN001256,C0320,2025-03-23,,Body Care,0
TXN000078,C0017,2024-12-16,336.15,Face Care,0
TXN001245,C0317,2026-02-15,558.56,Baby Care,0
TXN000120,C0029,2025-07-05,405.8,Face Care,0
TXN000184,C0043,2025-05-21,340.98,Face Care,0
TXN000027,C0008,2026-02-07,723.96,Combos,0
TXN000412,C0104,2024-11-20,397.76,Face Care,0
TXN001226,C0314,2025-02-17,494.09,Face Care,0
TXN001675,C0428,2025-07-24,738.15,Face Care,0
TXN001629,C0418,2025-02-16,602.37,Body Care,0
TXN000862,C0207,2026-05-10,204.59,Hair Care,1
TXN001476,C0383,2026-05-29,559.15,Body Care,0
TXN001838,C0480,2024-12-25,658.69,Hair Care,0
TXN000406,C0102,2025-11-04,321.71,Baby Care,0
TXN000117,C0029,2025-02-18,1261.61,Combos,0
TXN000416,C0104,2025-04-10,523.6,Face Care,0
TXN000821,C0199,2025-12-21,416.06,Body Care,0
TXN001345,C0348,2024-12-28,1526.2,Combos,0
TXN001015,C0255,2026-03-04,351.66,Baby Care,0
TXN000294,C0074,2025-12-12,703.93,Baby Care,0
TXN001502,C0389,2025-03-25,1293.19,Baby Care,0
TXN000377,C0097,2026-05-06,707.41,Body Care,0
TXN000693,C0169,2025-03-04,1270.79,Combos,0
TXN001514,C0393,2025-05-29,490.13,Face Care,0
TXN001705,C0437,2026-01-08,797.43,Hair Care,0
TXN001207,C0308,2025-07-10,1209.98,Combos,0
TXN001262,C0321,2026-05-16,488.29,Hair Care,0
TXN001625,C0417,2026-03-09,925.27,Combos,0
TXN001380,C0357,2025-04-20,611.29,Body Care,0
TXN000773,C0186,2025-08-11,524.5,Baby Care,0
TXN000623,C0159,2025-04-24,556.11,Hair Care,0
TXN000177,C0042,2025-05-24,1197.03,Combos,0
TXN000102,C0025,2024-11-28,647.07,Hair Care,0
TXN001679,C0429,2026-04-27,652.3,Body Care,0
TXN001119,C0281,2025-01-07,1282.17,Combos,0
TXN000043,C0010,2025-05-27,449.72,Hair Care,0
TXN001427,C0369,2025-09-16,522.17,Body Care,1
TXN000071,C0016,2025-03-31,992.34,Body Care,0
TXN000081,C0018,2024-07-30,1667.81,Combos,0
TXN000006,C0004,2024-11-08,825.71,Baby Care,0
TXN001793,C0463,2025-12-08,387.61,Baby Care,0
TXN000264,C0067,2025-05-01,233.91,Hair Care,0
TXN001021,C0256,2024-12-08,1540.46,Combos,0
TXN001728,C0448,2024-12-25,1644.71,Combos,0
TXN001213,C0309,2026-01-26,968.13,Baby Care,0
TXN000541,C0139,2024-09-13,759.79,Hair Care,0
TXN000683,C0168,2025-08-16,473.54,Hair Care,0
TXN001104,C0274,2025-03-02,898.22,Face Care,0
TXN000805,C0196,2025-01-04,548.25,Face Care,0
TXN001627,C0417,2026-05-23,398.27,Hair Care,0
TXN001520,C0393,2026-01-02,1206.74,Combos,0
TXN001062,C0265,2026-04-11,1309.92,Combos,0
TXN001818,C0476,2025-06-30,957.69,Combos,0
TXN001399,C0361,2025-06-18,1492.05,Combos,0
TXN001736,C0449,2026-01-26,490.99,Face Care,0
TXN000835,C0202,2026-01-16,877.77,Face Care,0
TXN000285,C0072,2025-01-26,1168.31,Combos,0
TXN001014,C0254,2026-05-27,351.41,Body Care,0
TXN000188,C0045,2025-11-01,904.08,Body Care,0
TXN000426,C0107,2026-06-02,760.75,Baby Care,1
TXN001731,C0449,2025-07-20,863.44,Face Care,1
TXN001883,C0489,2025-06-16,1441.44,Combos,0
TXN000492,C0121,2025-06-02,919.83,Body Care,0
TXN001306,C0339,2025-05-17,705.94,Face Care,0
TXN000794,C0192,2025-11-06,693.54,Combos,0
TXN001904,C0499,2026-01-02,898.44,Baby Care,0
TXN001035,C0257,2025-09-13,1452.7,Combos,0
TXN000497,C0122,2025-06-12,550.55,Body Care,0
TXN000788,C0191,2024-11-06,,Body Care,0
TXN000517,C0130,2026-03-05,722.59,Baby Care,0
TXN001854,C0484,2025-11-22,1192.86,Baby Care,0
TXN001168,C0290,2025-11-14,563.22,Body Care,0
TXN001461,C0380,2025-10-10,649.46,Body Care,0
TXN001615,C0414,2025-08-13,1030.32,Baby Care,0
TXN001169,C0291,2024-09-21,,Face Care,0
TXN000581,C0148,2025-10-17,391.03,Baby Care,1
TXN000221,C0051,2025-02-27,324.73,Face Care,0
TXN000383,C0098,2026-03-26,674.94,Hair Care,0
TXN001230,C0315,2026-04-17,564.46,Body Care,0
TXN000183,C0043,2025-04-27,515.99,Hair Care,0
TXN001008,C0253,2026-03-06,983.27,Baby Care,0
TXN000734,C0177,2026-06-05,774.8,Face Care,0
TXN001717,C0442,2025-11-30,443.11,Face Care,1
TXN001025,C0256,2025-06-02,1200.59,Combos,0
TXN001040,C0259,2025-11-03,274.92,Hair Care,0
TXN000592,C0150,2026-06-14,921.59,Body Care,1
TXN000653,C0162,2025-06-09,1314.97,Combos,0
TXN000452,C0113,2025-11-04,777.88,Face Care,0
TXN001740,C0450,2026-05-08,215.39,Hair Care,0
TXN001140,C0285,2025-06-06,847.88,Face Care,0
TXN001450,C0376,2025-08-02,946.46,Body Care,0
TXN001225,C0314,2025-01-12,454.66,Face Care,0
TXN000689,C0168,2026-03-05,1781.82,Combos,0
TXN000960,C0241,2025-10-27,897.21,Face Care,0
TXN001694,C0433,2025-11-09,449.8,Body Care,0
TXN000428,C0109,2025-06-26,259.23,Hair Care,0
TXN001172,C0292,2026-06-04,818.8,Combos,0
TXN001487,C0388,2025-03-06,825.71,Body Care,0
TXN001672,C0428,2025-04-09,955.0,Combos,0
TXN000822,C0200,2025-04-24,419.8,Hair Care,0
TXN000276,C0068,2025-08-26,329.95,Hair Care,0
TXN000067,C0015,2025-09-08,750.0,Body Care,0
TXN001874,C0487,2025-10-08,779.48,Combos,0
TXN000063,C0015,2025-04-28,1429.73,Combos,0
TXN000019,C0004,2026-03-14,1024.29,Combos,0
TXN001702,C0435,2025-11-10,1268.24,Baby Care,0
TXN001795,C0464,2026-01-31,882.96,Face Care,0
TXN000813,C0196,2025-11-23,,Body Care,0
TXN000142,C0034,2025-09-02,325.62,Face Care,0
TXN000090,C0022,2025-09-13,399.44,Baby Care,0
TXN000197,C0046,2025-08-22,437.3,Face Care,0
TXN001601,C0412,2024-08-20,203.45,Hair Care,0
TXN000674,C0166,2026-04-29,650.78,Combos,0
TXN001790,C0463,2025-08-03,1271.06,Baby Care,0
TXN000235,C0055,2025-08-31,713.52,Face Care,0
TXN001202,C0305,2026-01-29,865.11,Body Care,0
TXN001312,C0342,2025-08-15,715.04,Hair Care,0
TXN001830,C0478,2024-07-31,781.93,Combos,0
TXN000686,C0168,2025-11-16,627.22,Hair Care,0
TXN000234,C0055,2025-08-01,1518.81,Combos,0
TXN001622,C0417,2025-11-11,1017.43,Combos,0
TXN000863,C0207,2026-06-22,389.09,Face Care,0
TXN000499,C0123,2025-12-03,1418.63,Combos,0
TXN000980,C0243,2024-08-18,504.71,Face Care,0
TXN000583,C0148,2025-12-24,300.59,Baby Care,0
TXN000742,C0179,2024-10-24,1030.65,Combos,0
TXN000044,C0010,2025-07-13,,Baby Care,0
TXN001370,C0355,2026-01-30,601.45,Face Care,0
TXN000028,C0008,2026-03-05,888.12,Body Care,0
TXN001278,C0326,2025-12-20,1661.91,Combos,0
TXN000500,C0123,2026-01-20,812.09,Face Care,0
TXN000530,C0134,2024-11-22,992.73,Body Care,0
TXN001641,C0418,2026-06-13,887.12,Face Care,0
TXN001568,C0403,2026-06-22,945.43,Body Care,0
TXN000181,C0043,2025-02-09,1261.15,Baby Care,0
TXN000261,C0066,2025-01-16,716.74,Hair Care,0
TXN000374,C0097,2026-01-12,566.92,Face Care,0
TXN001764,C0459,2025-10-20,725.46,Hair Care,0
TXN001619,C0417,2025-08-01,408.52,Baby Care,0
TXN001815,C0474,2026-04-01,1113.15,Baby Care,0
TXN001851,C0482,2026-04-23,1256.82,Baby Care,0
TXN001533,C0398,2025-03-13,486.88,Face Care,0
TXN000778,C0188,2025-01-02,734.77,Hair Care,0
TXN001760,C0457,2025-06-06,348.53,Hair Care,0
TXN000577,C0148,2025-05-12,546.08,Face Care,0
TXN000331,C0085,2025-11-17,1126.6,Baby Care,0
TXN000312,C0079,2025-01-28,534.7,Body Care,0
TXN000751,C0181,2025-05-27,268.49,Face Care,0
TXN001260,C0321,2026-02-21,406.54,Body Care,0
TXN000036,C0009,2026-01-20,485.74,Face Care,0
TXN000033,C0009,2025-09-24,432.61,Face Care,0
TXN000545,C0140,2026-01-23,1092.36,Combos,0
TXN000589,C0150,2026-01-27,752.81,Combos,0
TXN000399,C0101,2025-10-22,1601.79,Combos,0
TXN000481,C0119,2025-09-29,1234.56,Baby Care,0
TXN001074,C0268,2025-12-20,381.01,Face Care,0
TXN000774,C0187,2024-12-28,546.82,Body Care,0
TXN001249,C0318,2026-02-17,507.25,Baby Care,0
TXN001244,C0317,2026-01-21,752.79,Body Care,0
TXN000084,C0021,2026-01-20,266.05,Body Care,0
TXN000607,C0154,2026-04-14,754.2,Hair Care,0
TXN000833,C0202,2025-10-29,792.0,Hair Care,0
TXN000933,C0234,2025-12-10,1889.83,Combos,0
TXN000825,C0200,2025-08-10,1591.49,Combos,0
TXN000817,C0198,2025-06-30,416.01,Face Care,0
TXN000717,C0173,2024-09-12,614.14,Body Care,0
TXN000890,C0220,2025-05-01,699.03,Face Care,0
TXN001250,C0318,2026-03-29,767.72,Body Care,0
TXN000748,C0180,2025-07-19,1357.58,Combos,0
TXN000771,C0186,2025-01-12,846.14,Combos,0
TXN001682,C0431,2026-04-05,964.33,Body Care,0
TXN000973,C0242,2025-04-08,209.37,Hair Care,0
TXN001293,C0329,2026-06-10,275.48,Face Care,0
TXN001194,C0304,2025-01-24,288.65,Body Care,0
TXN001188,C0299,2025-02-13,1270.86,Combos,0
TXN001418,C0369,2024-10-08,360.47,Face Care,0
TXN000600,C0152,2026-06-20,787.05,Combos,0
TXN000875,C0214,2024-11-15,349.05,Baby Care,0
TXN001268,C0325,2025-07-14,617.09,Combos,0
TXN000193,C0045,2026-06-02,1162.08,Baby Care,0
TXN001655,C0423,2025-02-15,1264.24,Combos,0
TXN000916,C0230,2026-03-07,460.33,Body Care,0
TXN001357,C0352,2025-03-25,466.18,Hair Care,0
TXN001453,C0376,2025-11-21,417.21,Baby Care,0
TXN001349,C0349,2025-01-04,1011.55,Baby Care,0
TXN000715,C0172,2025-11-07,420.39,Face Care,0
TXN001698,C0434,2026-03-22,538.95,Body Care,0
TXN001389,C0360,2025-02-20,700.41,Face Care,0
TXN001666,C0425,2026-04-17,343.24,Baby Care,0
TXN001002,C0249,2025-09-03,588.38,Baby Care,0
TXN000595,C0152,2025-12-01,608.64,Face Care,1
TXN001383,C0358,2025-07-15,750.21,Face Care,0
TXN000605,C0154,2026-02-11,274.8,Hair Care,0
TXN000397,C0101,2025-08-09,638.05,Hair Care,0
TXN000289,C0073,2025-04-19,607.74,Body Care,0
TXN001785,C0463,2025-02-24,991.18,Body Care,1
TXN000290,C0073,2025-05-24,739.19,Hair Care,0
TXN000099,C0024,2025-10-10,393.35,Body Care,0
TXN001861,C0485,2026-03-03,600.29,Baby Care,0
TXN000300,C0075,2025-12-28,1530.78,Combos,0
TXN000170,C0042,2024-08-14,,Body Care,0
TXN000907,C0227,2025-12-16,426.2,Face Care,0
TXN001715,C0442,2025-09-09,919.22,Body Care,0
TXN001478,C0384,2025-12-06,1370.02,Combos,0
TXN001235,C0316,2025-06-28,889.56,Body Care,0
TXN000003,C0001,2026-01-16,479.98,Hair Care,0
TXN000407,C0103,2026-05-05,623.68,Face Care,0
TXN000799,C0195,2026-03-13,459.76,Hair Care,0
TXN001033,C0257,2025-06-22,1880.89,Combos,0
TXN001337,C0346,2025-03-11,874.87,Face Care,0
TXN000985,C0244,2025-06-13,738.58,Baby Care,1
TXN001420,C0369,2024-12-16,545.59,Face Care,0
TXN000263,C0067,2025-03-30,831.22,Face Care,0
TXN000654,C0162,2025-07-22,942.91,Baby Care,0
TXN001771,C0460,2025-08-17,1622.53,Combos,0
TXN001806,C0468,2025-09-06,750.76,Body Care,1
TXN001027,C0257,2024-11-24,549.38,Face Care,0
TXN000248,C0059,2025-10-02,1583.12,Combos,0
TXN000238,C0057,2025-11-06,316.24,Body Care,0
TXN000934,C0234,2026-01-18,753.88,Body Care,0
TXN000961,C0241,2025-11-21,589.02,Baby Care,1
TXN001892,C0495,2026-01-20,475.8,Baby Care,0
TXN001588,C0407,2026-01-19,610.03,Hair Care,0
TXN000342,C0090,2025-08-19,1420.82,Combos,0
TXN001804,C0468,2025-02-04,336.0,Body Care,0
TXN000459,C0114,2025-10-07,388.32,Face Care,0
TXN000936,C0235,2025-09-10,437.59,Hair Care,0
TXN001661,C0425,2025-10-07,540.02,Body Care,0
TXN000017,C0004,2026-01-05,944.88,Body Care,0
TXN000257,C0063,2026-03-24,1163.52,Combos,0
TXN000967,C0241,2026-06-15,1321.21,Combos,0
TXN001156,C0286,2025-11-08,1294.75,Baby Care,1
TXN001097,C0272,2026-02-26,1357.41,Combos,1
TXN000016,C0004,2025-11-26,465.96,Face Care,0
TXN000391,C0100,2026-04-06,722.2,Hair Care,0
TXN000957,C0239,2026-04-23,704.63,Baby Care,0
TXN001115,C0281,2024-08-12,682.25,Hair Care,0
TXN000010,C0004,2025-04-16,1100.67,Baby Care,0
TXN000489,C0121,2025-01-26,372.85,Baby Care,0
TXN001583,C0405,2026-03-24,896.22,Baby Care,0
TXN001765,C0459,2025-11-29,794.95,Combos,0
TXN000615,C0158,2025-09-25,886.69,Face Care,0
TXN001480,C0384,2026-02-11,600.89,Combos,0
TXN001750,C0454,2024-09-13,381.57,Hair Care,0
TXN000258,C0064,2025-12-01,626.92,Body Care,0
TXN000656,C0162,2025-10-01,780.9,Hair Care,0
TXN001818,C0476,2025-06-30,957.69,Combos,0
TXN001650,C0422,2026-06-09,621.3,Body Care,0
TXN001455,C0377,2025-08-07,1164.21,Combos,0
TXN000760,C0183,2025-08-08,850.25,Face Care,0
TXN001654,C0423,2025-01-18,374.74,Body Care,0
TXN000143,C0034,2026-03-27,364.45,Body Care,0
TXN001787,C0463,2025-05-05,329.58,Body Care,0
TXN001767,C0459,2026-01-29,1809.59,Combos,0
TXN000455,C0113,2026-02-10,338.98,Hair Care,0
TXN001326,C0345,2025-01-17,209.79,Hair Care,0
TXN001148,C0285,2026-04-21,1375.4,Combos,0
TXN001214,C0309,2026-02-24,724.8,Hair Care,0
TXN000881,C0215,2026-01-01,304.87,Face Care,1
TXN000787,C0191,2024-09-30,804.8,Face Care,0
TXN000981,C0244,2025-01-01,463.83,Baby Care,0
TXN000367,C0097,2025-04-04,1855.61,Combos,0
TXN000947,C0237,2025-12-12,648.94,Baby Care,0
TXN000323,C0081,2026-03-30,405.0,Hair Care,0
TXN001589,C0408,2025-04-03,688.97,Hair Care,0
TXN000699,C0169,2025-11-15,199.73,Hair Care,0
TXN001056,C0265,2025-08-16,556.39,Body Care,0
TXN001757,C0457,2024-09-07,1700.18,Combos,0
TXN000014,C0004,2025-09-12,1224.53,Combos,0
TXN000415,C0104,2025-03-01,826.27,Face Care,0
TXN001763,C0459,2025-09-16,1315.88,Combos,0
TXN000427,C0108,2026-02-07,758.43,Combos,0
TXN001239,C0316,2025-11-26,536.0,Face Care,1
TXN000994,C0246,2025-02-11,1021.14,Combos,0
TXN001123,C0282,2026-04-01,1812.28,Combos,0
TXN000877,C0214,2025-08-28,365.92,Face Care,0
TXN000872,C0212,2025-08-04,351.12,Baby Care,0
TXN000549,C0140,2026-06-22,394.0,Hair Care,0
TXN001545,C0401,2025-04-18,285.88,Body Care,0
TXN001638,C0418,2026-02-15,1227.09,Baby Care,0
TXN001396,C0360,2025-11-05,662.57,Hair Care,0
TXN000137,C0031,2026-04-17,914.6,Body Care,0
TXN000089,C0022,2025-08-03,1730.39,Combos,0
TXN001146,C0285,2026-02-04,293.47,Face Care,0
TXN000687,C0168,2025-12-24,258.38,Hair Care,0
TXN000988,C0244,2025-09-29,891.79,Combos,1
TXN001435,C0371,2026-06-07,363.2,Body Care,0
TXN000959,C0240,2025-12-23,638.24,Body Care,0
TXN000194,C0046,2025-05-09,637.47,Hair Care,0
TXN000291,C0073,2025-07-08,486.31,Face Care,1
TXN001351,C0350,2025-04-15,601.4,Body Care,0
TXN001782,C0463,2024-10-21,310.35,Baby Care,0
TXN001745,C0452,2025-06-26,311.14,Face Care,0
TXN000327,C0084,2025-05-04,754.97,Combos,0
TXN000579,C0148,2025-07-24,1091.95,Combos,0
TXN000335,C0088,2025-12-09,753.62,Face Care,0
TXN001796,C0465,2025-03-10,800.47,Face Care,0
TXN001216,C0309,2026-05-09,662.61,Body Care,0
TXN001344,C0348,2024-11-27,980.71,Body Care,0
TXN001903,C0499,2025-11-25,620.82,Hair Care,0
TXN000507,C0127,2024-10-19,234.15,Hair Care,0
TXN000491,C0121,2025-04-15,627.84,Hair Care,0
TXN000747,C0180,2025-01-22,480.59,Baby Care,0
TXN000506,C0126,2024-11-15,1102.58,Baby Care,1
TXN001692,C0433,2025-08-11,687.78,Baby Care,0
TXN001118,C0281,2024-12-13,344.18,Body Care,0
TXN000308,C0077,2025-07-19,1788.91,Combos,0
TXN001446,C0375,2025-11-27,351.88,Hair Care,0
TXN000901,C0226,2025-01-19,412.77,Body Care,0
TXN000671,C0165,2025-10-12,370.52,Hair Care,0
TXN000865,C0209,2025-10-19,1231.81,Baby Care,1
TXN000713,C0172,2025-08-19,554.29,Face Care,0
TXN001205,C0307,2026-05-30,555.59,Face Care,0
TXN001761,C0458,2025-07-08,1222.8,Baby Care,0
TXN001105,C0274,2025-04-21,557.07,Face Care,1
TXN001319,C0344,2025-06-13,1227.03,Combos,1
TXN000731,C0177,2026-03-06,1104.0,Baby Care,0
TXN000524,C0131,2025-09-17,369.2,Body Care,0
TXN000389,C0099,2026-06-17,380.3,Face Care,0
TXN000768,C0184,2026-01-25,381.01,Body Care,0
TXN000425,C0106,2026-06-08,881.63,Body Care,0
TXN001099,C0272,2026-05-16,1854.41,Combos,1
TXN000682,C0168,2025-06-30,752.28,Body Care,0
TXN000058,C0015,2024-11-10,1542.44,Combos,0
TXN000658,C0162,2025-12-13,456.04,Hair Care,0
TXN001474,C0382,2026-04-28,792.38,Baby Care,1
TXN000086,C0021,2026-04-05,412.37,Baby Care,0
TXN000976,C0242,2025-07-29,666.32,Combos,0
TXN000135,C0031,2026-01-11,225.5,Hair Care,0
TXN000848,C0206,2025-10-05,824.26,Face Care,0
TXN000756,C0182,2025-04-30,285.46,Body Care,0
TXN000408,C0103,2026-06-18,674.58,Baby Care,1
TXN001360,C0352,2025-07-30,356.58,Face Care,0
TXN000414,C0104,2025-01-27,1061.57,Baby Care,0
TXN001068,C0266,2026-05-10,502.39,Hair Care,0
TXN001460,C0380,2025-09-04,1796.58,Combos,0
TXN001508,C0389,2025-11-23,1028.19,Baby Care,0
TXN001187,C0298,2026-05-23,1624.64,Combos,0
TXN000730,C0177,2026-01-23,1341.16,Combos,0
TXN000899,C0224,2025-05-12,841.74,Baby Care,0
TXN000790,C0191,2025-01-19,1020.15,Combos,1
TXN000963,C0241,2026-02-05,792.2,Face Care,0
TXN001170,C0292,2026-03-25,777.42,Hair Care,0
TXN001165,C0287,2026-01-14,330.31,Face Care,0
TXN000175,C0042,2025-02-24,1086.92,Combos,1
TXN001762,C0459,2025-08-18,1353.73,Combos,0
TXN000866,C0209,2025-11-12,706.25,Body Care,0
TXN001060,C0265,2026-01-22,1732.85,Combos,0
TXN000869,C0210,2025-05-08,361.51,Hair Care,0
TXN000798,C0194,2026-03-07,659.34,Body Care,0
TXN001057,C0265,2025-09-15,705.87,Combos,0
TXN000750,C0181,2025-04-16,593.67,Hair Care,0
TXN000219,C0051,2024-12-08,929.48,Baby Care,0
TXN001690,C0432,2025-11-22,1050.05,Combos,0
TXN000893,C0222,2025-07-09,205.19,Hair Care,0
TXN001597,C0411,2026-03-01,814.31,Baby Care,0
TXN001438,C0374,2025-04-17,648.1,Hair Care,0
TXN000991,C0245,2024-09-26,853.04,Face Care,0
TXN000419,C0105,2024-12-07,715.01,Hair Care,0
TXN001789,C0463,2025-07-02,643.05,Combos,0
TXN001630,C0418,2025-04-01,1254.67,Baby Care,0
TXN001145,C0285,2025-12-16,449.08,Baby Care,1
TXN001422,C0369,2025-02-23,1102.07,Baby Care,0
TXN001080,C0270,2025-11-21,780.93,Hair Care,0
TXN001242,C0316,2026-04-07,389.73,Face Care,0
TXN000830,C0201,2026-03-19,1185.16,Combos,0
TXN000211,C0049,2025-05-31,936.5,Body Care,0
TXN001853,C0483,2026-01-20,791.18,Face Care,0
TXN000948,C0237,2026-01-06,619.9,Hair Care,0
TXN000317,C0079,2025-08-10,579.37,Hair Care,0
TXN000077,C0017,2024-11-07,811.3,Body Care,1
TXN001246,C0317,2026-03-19,735.1,Hair Care,0
TXN000187,C0045,2025-10-05,409.41,Body Care,0
TXN001657,C0424,2025-08-04,635.21,Combos,0
TXN000538,C0137,2026-05-25,501.08,Hair Care,0
TXN001125,C0282,2026-06-02,1278.65,Baby Care,0
TXN000924,C0233,2025-10-15,624.87,Combos,0
TXN000998,C0248,2026-05-01,479.44,Body Care,0
TXN001858,C0484,2026-04-13,449.95,Hair Care,0
TXN001884,C0489,2025-07-16,675.57,Baby Care,0
TXN001651,C0423,2024-10-10,1410.61,Combos,1
TXN000782,C0189,2025-06-01,283.98,Hair Care,0
TXN000651,C0161,2025-10-03,936.52,Combos,0
TXN001058,C0265,2025-11-01,306.41,Body Care,0
TXN000826,C0201,2025-11-06,1271.37,Baby Care,0
TXN001633,C0418,2025-07-28,1015.0,Combos,0
TXN001778,C0460,2026-05-02,836.82,Body Care,0
TXN001310,C0340,2026-06-04,214.87,Hair Care,0
TXN001279,C0327,2025-08-28,275.33,Hair Care,0
TXN000087,C0021,2026-05-10,367.7,Face Care,0
TXN001776,C0460,2026-02-20,1773.99,Combos,1
TXN001686,C0432,2025-07-21,579.88,Face Care,0
TXN001036,C0257,2025-10-26,699.04,Hair Care,0
TXN000722,C0174,2025-08-27,609.91,Hair Care,0
TXN001875,C0487,2025-11-15,655.18,Body Care,0
TXN000939,C0235,2025-12-07,1702.89,Combos,0
TXN000636,C0160,2025-03-18,538.59,Face Care,0
TXN000978,C0242,2025-10-12,269.3,Face Care,0
TXN000445,C0111,2026-03-28,342.24,Body Care,0
TXN001323,C0344,2025-11-05,1259.04,Baby Care,0
TXN001055,C0264,2026-05-05,613.62,Body Care,0
TXN000563,C0143,2026-03-03,474.03,Baby Care,0
TXN000212,C0049,2025-07-07,908.74,Baby Care,0
TXN001341,C0347,2025-07-02,887.85,Combos,0
TXN001300,C0333,2025-09-23,354.1,Face Care,0
TXN001070,C0267,2025-03-22,697.69,Hair Care,0
TXN000392,C0100,2026-05-03,755.31,Face Care,0
TXN000677,C0167,2026-04-11,543.44,Body Care,0
TXN000438,C0110,2024-08-30,271.3,Hair Care,1
TXN001408,C0364,2025-01-19,495.75,Face Care,0
TXN000156,C0039,2024-10-31,522.4,Hair Care,0
TXN000697,C0169,2025-09-10,957.94,Combos,0
TXN001043,C0260,2026-03-16,407.18,Face Care,0
TXN000789,C0191,2024-12-22,528.12,Baby Care,0
TXN001724,C0444,2026-05-13,879.26,Baby Care,0
TXN000714,C0172,2025-09-18,1572.8,Combos,0
TXN000131,C0031,2025-08-31,331.44,Hair Care,0
TXN000496,C0121,2025-11-11,949.29,Baby Care,0
TXN000557,C0141,2025-11-08,539.92,Baby Care,0
TXN001652,C0423,2024-11-05,634.64,Body Care,0
TXN000578,C0148,2025-06-06,1116.37,Baby Care,0
TXN000126,C0031,2025-01-25,393.83,Hair Care,0
TXN000140,C0033,2026-02-02,339.53,Hair Care,1
TXN001720,C0442,2026-04-14,1078.49,Baby Care,0
TXN000523,C0131,2025-08-07,527.9,Baby Care,0
TXN001709,C0437,2026-06-01,664.3,Body Care,0
TXN000074,C0017,2024-07-16,667.09,Body Care,0
TXN001506,C0389,2025-08-23,750.12,Hair Care,0
TXN001492,C0388,2025-09-06,867.64,Combos,0
TXN001552,C0401,2025-12-29,539.07,Baby Care,0
TXN001309,C0340,2026-04-16,827.73,Face Care,0
TXN001182,C0296,2025-12-09,881.61,Body Care,0
TXN001729,C0449,2025-05-24,250.46,Hair Care,0
TXN001503,C0389,2025-04-24,209.85,Hair Care,0
TXN001073,C0268,2025-11-06,878.36,Body Care,0
TXN000444,C0111,2026-02-10,765.82,Face Care,0
TXN000100,C0024,2025-11-16,1134.01,Combos,0
TXN001108,C0276,2025-10-11,327.8,Hair Care,0
TXN000123,C0029,2025-10-27,1144.64,Combos,0
TXN001316,C0344,2025-02-10,291.0,Hair Care,0
TXN000912,C0229,2025-06-06,1297.4,Combos,0
TXN001727,C0447,2024-08-27,620.66,Body Care,0
TXN001466,C0380,2026-05-05,442.22,Body Care,0
TXN001087,C0271,2025-05-06,1548.25,Combos,0
TXN001612,C0413,2026-04-06,723.62,Face Care,0
TXN001831,C0478,2024-09-05,328.11,Face Care,0
TXN000974,C0242,2025-05-12,611.67,Face Care,0
TXN001894,C0495,2026-03-26,775.79,Baby Care,0
TXN000802,C0196,2024-10-01,553.49,Body Care,0
TXN000598,C0152,2026-03-30,467.09,Body Care,0
TXN000680,C0168,2025-04-21,251.64,Hair Care,0
TXN000222,C0051,2025-03-24,862.5,Face Care,0
TXN000159,C0040,2025-06-21,573.9,Hair Care,0
TXN000002,C0001,2025-08-18,355.2,Face Care,1
TXN001338,C0346,2025-04-07,875.97,Body Care,0
TXN000103,C0025,2025-01-07,754.97,Combos,0
TXN000767,C0184,2025-12-15,425.85,Hair Care,0
TXN000441,C0111,2025-11-10,478.6,Face Care,0
TXN001155,C0286,2025-10-07,936.17,Baby Care,0
TXN001807,C0469,2026-05-04,391.02,Baby Care,0
TXN001564,C0403,2026-01-31,1283.68,Baby Care,0
TXN000757,C0182,2025-05-30,698.48,Face Care,0
TXN001274,C0326,2024-11-22,675.74,Baby Care,0
TXN000536,C0137,2026-03-06,1272.7,Baby Care,0
TXN000299,C0075,2025-11-25,1498.33,Combos,0
TXN000385,C0098,2026-06-09,1234.63,Combos,0
TXN000233,C0055,2025-06-19,642.69,Face Care,1
TXN001816,C0475,2026-01-04,,Body Care,0
TXN001465,C0380,2026-04-01,1148.57,Baby Care,1
TXN001164,C0287,2025-12-14,1554.51,Combos,0
TXN000574,C0147,2025-09-27,1262.44,Combos,1
TXN000859,C0207,2025-12-31,688.04,Hair Care,0
TXN000759,C0183,2025-07-18,390.23,Body Care,0
TXN001152,C0286,2025-06-02,,Combos,0
TXN001814,C0473,2025-01-04,1461.5,Combos,0
TXN000273,C0068,2025-05-29,300.09,Face Care,0
TXN001228,C0314,2025-05-25,337.65,Hair Care,0
TXN000891,C0221,2024-10-27,906.91,Body Care,0
TXN000586,C0148,2026-04-26,456.94,Hair Care,0
TXN001243,C0316,2026-05-09,619.73,Combos,0
TXN001743,C0452,2025-04-15,365.73,Hair Care,1
TXN001387,C0360,2024-12-18,731.23,Face Care,0
TXN001311,C0341,2026-06-14,1173.56,Baby Care,0
TXN000688,C0168,2026-01-23,478.17,Face Care,0
TXN000018,C0004,2026-02-12,370.88,Hair Care,0
TXN001732,C0449,2025-08-16,1191.94,Combos,1
TXN000424,C0106,2026-05-10,691.59,Body Care,0
TXN001429,C0370,2025-06-24,541.28,Baby Care,0
TXN000176,C0042,2025-04-10,288.78,Body Care,0
TXN001307,C0340,2026-01-14,772.45,Baby Care,0
TXN001516,C0393,2025-08-26,1363.1,Combos,1
TXN001483,C0384,2026-06-14,284.17,Body Care,0
TXN001022,C0256,2025-01-19,1122.89,Baby Care,0
TXN000831,C0201,2026-04-26,316.18,Baby Care,0
TXN001240,C0316,2026-01-06,340.88,Body Care,0
TXN001107,C0275,2026-04-06,309.2,Hair Care,0
TXN001416,C0367,2026-03-27,838.01,Combos,0
TXN000341,C0090,2025-07-17,809.21,Baby Care,0
TXN001044,C0260,2026-05-02,1025.52,Combos,0
TXN001618,C0417,2025-06-20,350.2,Body Care,0
TXN000047,C0011,2024-07-17,826.28,Body Care,0
TXN000781,C0189,2025-05-06,741.62,Baby Care,0
TXN001181,C0295,2025-09-04,659.76,Body Care,0
TXN001384,C0358,2025-08-22,517.03,Baby Care,0
TXN000925,C0233,2025-11-22,728.38,Face Care,0
TXN000867,C0209,2025-12-09,361.81,Face Care,0
TXN000436,C0109,2026-04-12,213.87,Hair Care,0
TXN001542,C0400,2025-09-06,1146.61,Baby Care,0
TXN000420,C0105,2025-01-04,618.44,Baby Care,0
TXN001813,C0472,2024-10-29,710.49,Face Care,0
TXN001113,C0279,2026-04-13,883.35,Baby Care,0
TXN001584,C0406,2025-02-17,275.54,Hair Care,0
TXN000519,C0130,2026-05-13,1263.76,Baby Care,0
TXN001674,C0428,2025-06-09,362.89,Baby Care,0
TXN000795,C0193,2025-05-16,982.02,Body Care,0
TXN000260,C0065,2026-04-07,439.47,Face Care,0
TXN000550,C0141,2025-01-22,727.66,Hair Care,1
TXN001031,C0257,2025-04-02,581.92,Hair Care,0
TXN000599,C0152,2026-05-09,684.1,Baby Care,0
TXN001061,C0265,2026-02-24,882.95,Face Care,0
TXN001385,C0358,2025-10-11,500.69,Face Care,0
TXN001475,C0382,2026-06-09,898.5,Body Care,0
TXN000101,C0024,2025-12-30,708.49,Face Care,0
TXN001802,C0468,2024-12-22,728.6,Combos,0
TXN001683,C0431,2026-05-01,566.89,Hair Care,0
TXN000056,C0014,2025-09-16,1067.9,Baby Care,0
TXN000311,C0078,2024-08-28,420.21,Hair Care,0
TXN001691,C0433,2025-07-02,931.79,Body Care,0
TXN001626,C0417,2026-04-04,780.67,Hair Care,0
TXN001862,C0485,2026-04-02,1101.71,Baby Care,0
TXN000138,C0032,2025-12-09,771.28,Body Care,0
TXN000232,C0055,2025-05-11,1540.01,Combos,0
TXN001850,C0482,2026-03-12,696.2,Body Care,1
TXN000411,C0104,2024-10-26,427.2,Baby Care,0
TXN000874,C0213,2026-06-29,489.84,Body Care,0
TXN001066,C0266,2026-02-22,1635.47,Combos,0
TXN001655,C0423,2025-02-15,1264.24,Combos,0
TXN001606,C0412,2025-02-26,820.02,Baby Care,0
TXN001768,C0459,2026-03-16,709.82,Baby Care,0
TXN001739,C0449,2026-05-02,687.93,Face Care,0
TXN000288,C0073,2025-03-27,1306.98,Combos,0
TXN001375,C0357,2024-10-28,1695.06,Combos,1
TXN000450,C0113,2025-08-10,945.95,Body Care,0
TXN001291,C0329,2026-04-04,891.72,Combos,0
TXN001909,C0500,2025-04-12,778.44,Face Care,0
TXN000404,C0101,2026-05-15,520.69,Hair Care,0
TXN000810,C0196,2025-07-28,1427.01,Combos,0
TXN000025,C0008,2025-11-20,914.44,Baby Care,0
TXN000912,C0229,2025-06-06,1297.4,Combos,0
TXN001835,C0480,2024-10-11,947.37,Combos,0
TXN001887,C0490,2025-10-22,1025.96,Baby Care,0
TXN000820,C0198,2025-10-22,308.31,Body Care,0
TXN001000,C0249,2025-06-28,411.13,Baby Care,0
TXN000809,C0196,2025-06-10,607.77,Baby Care,1
TXN001470,C0382,2025-11-09,1132.33,Baby Care,0
TXN000132,C0031,2025-09-26,310.7,Baby Care,0
TXN000649,C0161,2025-07-01,300.31,Face Care,0
TXN000553,C0141,2025-05-25,366.31,Hair Care,0
TXN001441,C0375,2025-05-07,675.96,Baby Care,0
TXN001431,C0370,2025-09-17,800.23,Baby Care,0
TXN001901,C0497,2025-12-16,1004.04,Combos,1
TXN000115,C0027,2025-10-21,399.69,Body Care,0
TXN001421,C0369,2025-01-23,602.51,Hair Care,0
TXN000320,C0079,2025-11-27,372.32,Body Care,0
TXN001498,C0389,2024-11-16,246.32,Hair Care,0
TXN001322,C0344,2025-09-24,1824.58,Combos,0
TXN000911,C0229,2025-05-04,316.59,Face Care,0
TXN000396,C0101,2025-06-25,644.65,Face Care,0
TXN000498,C0123,2025-10-15,763.81,Combos,0
TXN001586,C0406,2025-04-24,1646.26,Combos,0
TXN000295,C0074,2026-01-21,242.65,Hair Care,0
TXN001723,C0443,2026-04-14,574.99,Baby Care,0
TXN001394,C0360,2025-08-20,1690.1,Combos,0
TXN001138,C0285,2025-03-30,599.2,Baby Care,0
TXN000928,C0233,2026-02-26,461.31,Face Care,0
TXN001845,C0481,2026-03-19,529.36,Hair Care,0
TXN000192,C0045,2026-04-13,683.63,Face Care,0
TXN000275,C0068,2025-07-29,620.81,Body Care,0
TXN001085,C0270,2026-05-29,703.11,Hair Care,0
TXN001252,C0318,2026-06-16,767.27,Face Care,0
TXN001331,C0346,2024-07-19,378.08,Body Care,0
TXN000472,C0118,2025-03-09,1470.54,Combos,0
TXN000417,C0104,2025-05-12,1242.31,Combos,0
TXN000050,C0011,2024-11-18,557.44,Face Care,0
TXN000940,C0236,2025-06-01,1218.93,Combos,0
TXN000107,C0025,2025-11-18,470.88,Face Care,0
TXN001343,C0347,2025-09-04,698.97,Baby Care,0
TXN001430,C0370,2025-08-10,341.03,Baby Care,0
TXN000597,C0152,2026-02-18,809.5,Baby Care,0
TXN001065,C0266,2026-01-15,1011.09,Combos,0
TXN001770,C0460,2025-06-29,1429.59,Combos,0
TXN000239,C0057,2025-12-21,878.28,Baby Care,0
TXN000766,C0184,2025-11-17,570.35,Face Care,0
TXN000281,C0071,2025-03-23,749.46,Body Care,0
TXN001865,C0486,2024-09-11,641.01,Baby Care,0
TXN001758,C0457,2024-10-09,420.84,Hair Care,0
TXN000950,C0238,2025-01-28,402.11,Body Care,0
TXN001162,C0286,2026-05-15,266.65,Body Care,0
TXN001481,C0384,2026-03-31,457.62,Face Care,0
TXN001010,C0254,2026-01-01,314.99,Face Care,0
TXN000707,C0171,2026-04-24,1016.85,Baby Care,1
TXN000588,C0150,2025-12-13,522.96,Hair Care,0
TXN000013,C0004,2025-08-13,563.47,Body Care,0
TXN001432,C0371,2025-08-11,880.08,Face Care,0
TXN001495,C0388,2025-12-28,614.54,Body Care,0
TXN001369,C0355,2025-12-24,574.81,Baby Care,0
TXN001433,C0371,2025-09-08,1309.82,Combos,0
TXN001751,C0455,2025-02-23,843.79,Body Care,0
TXN001413,C0367,2025-12-23,825.01,Combos,0
TXN001756,C0456,2025-06-23,466.5,Face Care,0
TXN001127,C0284,2024-11-20,287.82,Hair Care,0
TXN000946,C0237,2025-10-26,683.67,Body Care,0
TXN001011,C0254,2026-02-08,389.99,Body Care,0
TXN001829,C0477,2026-02-01,655.12,Body Care,0
TXN000600,C0152,2026-06-20,787.05,Combos,0
TXN000402,C0101,2026-02-21,948.3,Body Care,0
TXN001613,C0413,2026-05-14,226.35,Hair Care,0
TXN000302,C0076,2026-04-10,433.32,Face Care,0
TXN000382,C0098,2026-02-26,277.4,Hair Care,1
TXN000009,C0004,2025-03-04,797.87,Baby Care,0
TXN001846,C0481,2026-05-04,1803.24,Combos,0
TXN000761,C0183,2025-09-01,948.32,Body Care,0
TXN001346,C0348,2025-02-01,476.82,Hair Care,0
TXN001603,C0412,2024-11-03,1830.13,Combos,0
TXN001780,C0461,2026-05-26,432.16,Hair Care,0
TXN000896,C0222,2025-11-02,437.36,Hair Care,0
TXN000617,C0158,2025-12-22,288.93,Body Care,0
TXN000226,C0055,2024-09-20,740.41,Combos,0
TXN001179,C0294,2026-05-07,993.3,Combos,0
TXN000269,C0068,2025-01-20,879.69,Face Care,0
TXN000150,C0036,2026-05-08,458.38,Body Care,0
TXN000284,C0072,2024-12-11,1041.18,Combos,0
TXN001889,C0492,2026-04-22,740.09,Baby Care,0
TXN000552,C0141,2025-04-19,971.59,Combos,0
TXN001797,C0465,2025-04-05,516.78,Hair Care,0
TXN001403,C0362,2025-12-19,488.11,Face Care,0
TXN000528,C0134,2024-09-11,,Combos,0
TXN000442,C0111,2025-12-09,263.24,Body Care,0
TXN001593,C0409,2026-05-27,1442.61,Combos,0
TXN001197,C0304,2025-05-28,858.93,Face Care,0
TXN000903,C0227,2025-05-06,586.45,Hair Care,0
TXN001258,C0321,2025-12-28,457.79,Baby Care,0
TXN000805,C0196,2025-01-04,548.25,Face Care,0
TXN001439,C0374,2025-05-23,387.39,Body Care,0
TXN000655,C0162,2025-08-18,255.32,Face Care,0
TXN001515,C0393,2025-07-13,669.54,Face Care,0
TXN000474,C0119,2024-12-05,627.03,Hair Care,0
TXN001224,C0313,2025-10-31,392.25,Face Care,1
TXN000368,C0097,2025-05-09,302.53,Hair Care,0
TXN001009,C0253,2026-04-17,707.59,Baby Care,0
TXN001457,C0379,2026-05-09,836.45,Combos,0
TXN000856,C0207,2025-09-29,577.62,Body Care,0
TXN001794,C0463,2026-01-15,699.37,Body Care,1
TXN000917,C0230,2026-04-25,636.27,Face Care,0
TXN001538,C0400,2025-04-08,1030.92,Baby Care,0
TXN000259,C0065,2025-09-18,863.47,Face Care,0
TXN001569,C0404,2025-05-19,351.36,Baby Care,0
TXN000864,C0208,2025-08-13,579.73,Body Care,0
TXN001775,C0460,2026-01-11,861.94,Face Care,0
TXN000112,C0027,2025-07-07,642.21,Body Care,0
TXN001377,C0357,2025-01-08,437.54,Face Care,0
TXN001677,C0428,2025-10-21,459.79,Face Care,0
TXN000293,C0074,2025-11-19,754.24,Face Care,0
TXN000225,C0054,2025-09-16,1196.49,Baby Care,0
TXN001759,C0457,2024-10-30,1789.96,Combos,0
TXN000684,C0168,2025-09-18,986.48,Body Care,0
TXN001094,C0272,2025-11-04,232.65,Hair Care,0
TXN000785,C0190,2025-04-15,691.63,Hair Care,0
TXN000670,C0164,2026-06-22,296.37,Face Care,0
TXN000858,C0207,2025-12-01,1631.12,Combos,0
TXN001163,C0286,2026-06-25,473.97,Hair Care,1
TXN000266,C0067,2026-01-01,610.05,Face Care,0
TXN001185,C0298,2026-03-17,527.02,Hair Care,0
TXN000847,C0206,2025-08-30,249.79,Hair Care,0
TXN000012,C0004,2025-07-06,754.63,Hair Care,0
TXN000645,C0161,2025-02-11,388.08,Hair Care,0
TXN000283,C0072,2024-10-29,355.66,Hair Care,0
TXN001281,C0328,2025-03-28,443.0,Face Care,0
TXN000834,C0202,2025-12-17,1356.43,Combos,0
TXN000629,C0159,2025-11-23,781.49,Hair Care,0
TXN000045,C0010,2025-08-22,861.23,Combos,0
TXN000247,C0059,2025-08-17,949.19,Baby Care,0
TXN001701,C0435,2025-10-01,661.39,Hair Care,1
TXN000753,C0182,2024-12-18,964.11,Combos,0
TXN001451,C0376,2025-09-19,870.78,Face Care,0
TXN000590,C0150,2026-03-13,835.19,Body Care,0
TXN001184,C0298,2026-02-05,747.17,Face Care,0
TXN001643,C0420,2024-08-13,1005.13,Combos,0
TXN001668,C0426,2025-01-03,258.95,Body Care,0
TXN000571,C0144,2026-01-29,1471.91,Combos,0
TXN000338,C0089,2026-03-11,701.19,Baby Care,0
TXN000328,C0085,2025-07-29,698.25,Body Care,0
TXN000873,C0213,2026-05-20,1200.34,Combos,0
TXN001206,C0307,2026-06-20,479.77,Hair Care,0
TXN000602,C0153,2025-09-29,695.78,Combos,0
TXN001048,C0262,2025-10-12,613.12,Hair Care,0
TXN000904,C0227,2025-06-04,224.65,Hair Care,0
TXN001084,C0270,2026-04-10,398.7,Baby Care,0
TXN000533,C0134,2025-09-24,1151.74,Baby Care,0
TXN000842,C0204,2025-07-19,405.64,Baby Care,0
TXN000962,C0241,2026-01-06,1647.06,Combos,0
TXN001257,C0320,2025-10-07,586.67,Body Care,0
TXN000791,C0191,2025-02-20,379.89,Body Care,0
TXN001539,C0400,2025-05-28,993.4,Baby Care,0
TXN001906,C0499,2026-03-22,402.28,Baby Care,0
TXN000644,C0161,2025-01-06,299.91,Hair Care,1
TXN000804,C0196,2024-11-28,1879.62,Combos,0
